,SNP,Gene,X.pacId,locusName,transcriptName,peptideName,Pfam,Panther,KOG,ec,KO,GO,Best.hit.arabi.name,,,arabi.symbol,arabi.defline,Best.hit.rice.name,rice.symbol,rice.defline
1,GFSSContig17769_257,Sobic.003G106000,37914797,Sobic.003G106000,Sobic.003G106000.1,Sobic.003G106000.1.p,"PF00059,PF07714","PTHR27006,PTHR27006:SF5",KOG1187,2.7.10.1,,"GO:0006468,GO:0004672",AT1G52310.1,,,,protein kinase family protein / C-type lectin domain-containing protein,LOC_Os01g01410.1,NA,"TKL_IRAK_C-LEC.1 - TKL_IRAK_C-LEC has homology to C-type lectin receptors, expressed"
2,GFSSContig17769_257,Sobic.003G105900,37916656,Sobic.003G105900,Sobic.003G105900.1,Sobic.003G105900.1.p,PF13176,"PTHR14140,PTHR14140:SF31",,,,GO:0005515,AT3G54360.1,,,,zinc ion binding,LOC_Os02g55200.1,NA,expressed protein
4,GFSSContig7996_485,Sobic.006G188800,37947443,Sobic.006G188800,Sobic.006G188800.1,Sobic.006G188800.1.p,PF00651,"PTHR31060,PTHR31060:SF3",,,,GO:0005515,AT1G63850.1,,,,BTB/POZ domain-containing protein,LOC_Os04g49060.1,NA,"H-BTB3 - Bric-a-Brac, Tramtrack, Broad Complex BTB domain with H family conserved sequence, expressed"
5,NsiI.TP101365,Sobic.010G246900,NA,NA,NA,NA,NA,NA,NA,NA,NA,NA,NA,,,NA,NA,NA,NA,NA
11,NsiI.TP101365,Sobic.010G247000,NA,NA,NA,NA,NA,NA,NA,NA,NA,NA,NA,,,NA,NA,NA,NA,NA
12,NsiI.TP101365,Sobic.010G246800,NA,NA,NA,NA,NA,NA,NA,NA,NA,NA,NA,,,NA,NA,NA,NA,NA
13,NsiI.TP101365,Sobic.010G247100,NA,NA,NA,NA,NA,NA,NA,NA,NA,NA,NA,,,NA,NA,NA,NA,NA
14,NsiI.TP111617,Sobic.005G146533,37924463,Sobic.005G146533,Sobic.005G146533.1,Sobic.005G146533.1.p,PF04535,"PTHR33573,PTHR33573:SF5",,,,,AT2G39518.1,,,,Uncharacterised protein family (UPF0497),LOC_Os11g34730.1,NA,"membrane associated DUF588 domain containing protein, putative, expressed"
15,NsiI.TP111617,Sobic.005G146666,37925392,Sobic.005G146666,Sobic.005G146666.1,Sobic.005G146666.1.p,PF04535,"PTHR33573,PTHR33573:SF5",,,,,AT2G39518.1,,,,Uncharacterised protein family (UPF0497),LOC_Os11g34730.1,NA,"membrane associated DUF588 domain containing protein, putative, expressed"
16,NsiI.TP127610,Sobic.001G408900,37941062,Sobic.001G408900,Sobic.001G408900.1,Sobic.001G408900.1.p,PF00085,"PTHR18929,PTHR18929:SF104",KOG0910,,,GO:0045454,AT1G07960.1,,,"ATPDIL5-1,PDIL5-1",PDI-like 5-1,LOC_Os03g17860.1,NA,"OsPDIL5-1 protein disulfide isomerase PDIL5-1, expressed"
17,NsiI.TP127610,Sobic.001G409000,37941108,Sobic.001G409000,Sobic.001G409000.1,Sobic.001G409000.1.p,,,,,,,,,,,,,NA,
18,NsiI.TP127610,Sobic.001G409200,37937747,Sobic.001G409200,Sobic.001G409200.1,Sobic.001G409200.1.p,PF03195,"PTHR31301,PTHR31301:SF29",,,,,AT1G07900.1,,,LBD1,LOB domain-containing protein 1,LOC_Os03g17810.1,NA,"DUF260 domain containing protein, putative, expressed"
19,NsiI.TP127610,Sobic.001G409100,37938223,Sobic.001G409100,Sobic.001G409100.1,Sobic.001G409100.1.p,PF03360,"PTHR10896,PTHR10896:SF25",KOG1476,2.4.2.24,,"GO:0016020,GO:0015018",AT2G37090.1,,,IRX9,Nucleotide-diphospho-sugar transferases superfamily protein,LOC_Os03g17850.1,NA,"glycosyltransferase family 43 protein, putative, expressed"
20,NsiI.TP128483,Sobic.010G254401,NA,NA,NA,NA,NA,NA,NA,NA,NA,NA,NA,,,NA,NA,NA,NA,NA
21,NsiI.TP128483,Sobic.010G254200,NA,NA,NA,NA,NA,NA,NA,NA,NA,NA,NA,,,NA,NA,NA,NA,NA
23,NsiI.TP128483,Sobic.010G254300,NA,NA,NA,NA,NA,NA,NA,NA,NA,NA,NA,,,NA,NA,NA,NA,NA
24,NsiI.TP129565,Sobic.009G111200,37919614,Sobic.009G111200,Sobic.009G111200.1,Sobic.009G111200.1.p,PF00847,"PTHR31190,PTHR31190:SF21",,,,"GO:0006355,GO:0003700",AT3G16770.1,,,"ATEBP,EBP,ERF72,RAP2.3",ethylene-responsive element binding protein,LOC_Os05g29810.1,NA,"AP2 domain containing protein, expressed"
25,NsiI.TP129565,Sobic.009G111301,37920795,Sobic.009G111301,Sobic.009G111301.1,Sobic.009G111301.1.p,,"PTHR37380,PTHR37380:SF2",,,,,,,,,,,NA,
26,NsiI.TP129565,Sobic.009G111400,37920084,Sobic.009G111400,Sobic.009G111400.1,Sobic.009G111400.1.p,"PF16113,PF00725,PF02737","PTHR23309,PTHR23309:SF23",KOG1683,"1.1.1.35,5.1.2.3,5.3.3.8,4.2.1.17",K10527,"GO:0055114,GO:0016491,GO:0006631,GO:0003857",AT3G06860.1,,,"ATMFP2,MFP2",multifunctional protein 2,LOC_Os05g29880.3,NA,"3-hydroxyacyl-CoA dehydrogenase, putative, expressed"
31,NsiI.TP164112,Sobic.002G408800,37954227,Sobic.002G408800,Sobic.002G408800.1,Sobic.002G408800.1.p,PF07714,"PTHR24056,PTHR24056:SF219",,"2.7.11.22,2.7.11.23",K08819,"GO:0006468,GO:0004672",AT1G54610.3,,,,Protein kinase superfamily protein,LOC_Os07g47180.1,NA,"transposon protein, putative, unclassified, expressed"
32,NsiI.TP164112,Sobic.002G408900,37950207,Sobic.002G408900,Sobic.002G408900.1,Sobic.002G408900.1.p,,"PTHR24015,PTHR24015:SF846",,,,,AT3G21465.1,,,,,LOC_Os07g47201.1,NA,"adenyl cyclase, putative, expressed"
36,NsiI.TP164112,Sobic.002G409000,37953670,Sobic.002G409000,Sobic.002G409000.1,Sobic.002G409000.1.p,PF00657,"PTHR22835,PTHR22835:SF147",,3.1.1.3,,GO:0016788,AT2G23540.1,,,,GDSL-like Lipase/Acylhydrolase superfamily protein,LOC_Os07g47210.1,NA,"GDSL-like lipase/acylhydrolase, putative, expressed"
37,NsiI.TP164112,Sobic.002G409100,37952696,Sobic.002G409100,Sobic.002G409100.1,Sobic.002G409100.1.p,,,,,,,,,,,,,NA,
38,NsiI.TP164112,Sobic.002G409200,37951326,Sobic.002G409200,Sobic.002G409200.2,Sobic.002G409200.2.p,"PF01657,PF07714","PTHR27002,PTHR27002:SF99",KOG1187,2.7.11.1,,"GO:0006468,GO:0004672",AT4G23310.1,,,CRK23,cysteine-rich RLK (RECEPTOR-like protein kinase) 23,LOC_Os07g47230.1,NA,"TKL_IRAK_DUF26-lh.10 - DUF26 kinases have homology to DUF26 containing loci, expressed"
40,NsiI.TP169382,Sobic.009G211200,NA,NA,NA,NA,NA,NA,NA,NA,NA,NA,NA,,,NA,NA,NA,NA,NA
41,NsiI.TP169382,Sobic.009G211300,NA,NA,NA,NA,NA,NA,NA,NA,NA,NA,NA,,,NA,NA,NA,NA,NA
45,NsiI.TP169382,Sobic.009G211100,NA,NA,NA,NA,NA,NA,NA,NA,NA,NA,NA,,,NA,NA,NA,NA,NA
46,NsiI.TP169382,Sobic.009G211400,NA,NA,NA,NA,NA,NA,NA,NA,NA,NA,NA,,,NA,NA,NA,NA,NA
49,NsiI.TP195995,Sobic.002G307900,37953399,Sobic.002G307900,Sobic.002G307900.1,Sobic.002G307900.1.p,PF00141,"PTHR31235,PTHR31235:SF8",,1.11.1.7,K00430,"GO:0055114,GO:0020037,GO:0006979,GO:0004601",AT1G30870.1,,,,Peroxidase superfamily protein,LOC_Os07g31610.1,NA,"peroxidase precursor, putative, expressed"
50,NsiI.TP195995,Sobic.002G308000,37952512,Sobic.002G308000,Sobic.002G308000.1,Sobic.002G308000.1.p,"PF14416,PF13839","PTHR32285,PTHR32285:SF12",,,,,AT2G14530.1,,,TBL13,TRICHOME BIREFRINGENCE-LIKE 13,LOC_Os07g31550.1,NA,"powdery mildew resistant protein 5, putative, expressed"
51,NsiI.TP204910,Sobic.002G276800,37951364,Sobic.002G276800,Sobic.002G276800.1,Sobic.002G276800.1.p,PF00810,"PTHR10585,PTHR10585:SF35",KOG3106,,,"GO:0046923,GO:0016021,GO:0006621",AT1G75760.1,,,,ER lumen protein retaining receptor family protein,LOC_Os08g43470.1,NA,"ER lumen protein retaining receptor, putative, expressed"
52,NsiI.TP204910,Sobic.002G276900,37953024,Sobic.002G276900,Sobic.002G276900.1,Sobic.002G276900.1.p,"PF08271,PF00382","PTHR11618,PTHR11618:SF27",KOG1597,,K03124,"GO:0017025,GO:0008270,GO:0006355,GO:0006352",AT3G10330.1,,,,Cyclin-like family protein,LOC_Os09g36440.1,NA,"transcription initiation factor IIB, putative, expressed"
53,NsiI.TP204910,Sobic.002G277000,37951420,Sobic.002G277000,Sobic.002G277000.1,Sobic.002G277000.1.p,,,,,,,,,,,,,NA,
54,NsiI.TP204910,Sobic.002G277100,37950042,Sobic.002G277100,Sobic.002G277100.1,Sobic.002G277100.1.p,PF00121,"PTHR21139,PTHR21139:SF7",KOG1643,5.3.1.1,K01803,"GO:0008152,GO:0004807",AT2G21170.1,,,"PDTPI,TIM",triosephosphate isomerase,LOC_Os09g36450.1,NA,"triosephosphate isomerase, chloroplast precursor, putative, expressed"
55,NsiI.TP208625,Sobic.008G107500,37927321,Sobic.008G107500,Sobic.008G107500.1,Sobic.008G107500.1.p,PF03106,"PTHR31221,PTHR31221:SF22",,,,"GO:0043565,GO:0006355,GO:0003700",AT2G03340.1,,,WRKY3,WRKY DNA-binding protein 3,LOC_Os12g32250.1,NA,"WRKY96, expressed"
56,NsiI.TP208625,Sobic.008G107600,37928125,Sobic.008G107600,Sobic.008G107600.1,Sobic.008G107600.1.p,,"PTHR33133,PTHR33133:SF11",,,,,AT5G61340.1,,,,,LOC_Os12g32260.1,NA,expressed protein
57,NsiI.TP208625,Sobic.008G107800,37927757,Sobic.008G107800,Sobic.008G107800.1,Sobic.008G107800.1.p,PF02201,"PTHR13844,PTHR13844:SF8",,,,GO:0005515,AT2G14880.1,,,,SWIB/MDM2 domain superfamily protein,LOC_Os12g32280.1,NA,"SWIB/MDM2 domain containing protein, expressed"
58,NsiI.TP224586,Sobic.003G046300,37912470,Sobic.003G046300,Sobic.003G046300.1,Sobic.003G046300.1.p,"PF13423,PF02148,PF00627","PTHR24006,PTHR24006:SF449",,3.4.19.12,K11836,GO:0008270,AT3G20630.1,,,"ATUBP14,PER1,TTN6,UBP14",ubiquitin-specific protease 14,LOC_Os01g08200.1,NA,"ubiquitin carboxyl-terminal hydrolase 14, putative, expressed"
59,NsiI.TP224586,Sobic.003G046400,37915440,Sobic.003G046400,Sobic.003G046400.2,Sobic.003G046400.2.p,"PF08513,PF00400","PTHR22847,PTHR22847:SF437",KOG0266,,,GO:0005515,AT4G32551.1,,,"LUG,RON2",LisH dimerisation motif;WD40/YVTN repeat-like-containing domain,LOC_Os01g08190.1,NA,"transcriptional corepressor LEUNIG, putative, expressed"
62,NsiI.TP228522,Sobic.010G092550,NA,NA,NA,NA,NA,NA,NA,NA,NA,NA,NA,,,NA,NA,NA,NA,NA
63,NsiI.TP228522,Sobic.010G092600,NA,NA,NA,NA,NA,NA,NA,NA,NA,NA,NA,,,NA,NA,NA,NA,NA
64,NsiI.TP241500,Sobic.001G397600,37938429,Sobic.001G397600,Sobic.001G397600.1,Sobic.001G397600.1.p,PF04667,"PTHR34804:SF1,PTHR34804",,,,,AT4G16146.1,,,,cAMP-regulated phosphoprotein 19-related protein,LOC_Os03g19220.2,NA,expressed protein
66,NsiI.TP299143,Sobic.010G083700,NA,NA,NA,NA,NA,NA,NA,NA,NA,NA,NA,,,NA,NA,NA,NA,NA
67,NsiI.TP299143,Sobic.010G083900,NA,NA,NA,NA,NA,NA,NA,NA,NA,NA,NA,,,NA,NA,NA,NA,NA
68,NsiI.TP349989,Sobic.009G000200,37922573,Sobic.009G000200,Sobic.009G000200.1,Sobic.009G000200.1.p,"PF00122,PF12710,PF16209,PF16212","PTHR24092,PTHR24092:SF65",,3.6.3.1,K01530,"GO:0046872,GO:0000166,GO:0016021,GO:0015914,GO:0005524,GO:0004012,GO:0000287",AT1G68710.1,,,,ATPase E1-E2 type family protein / haloacid dehalogenase-like hydrolase family protein,LOC_Os05g01030.1,NA,"phospholipid-transporting ATPase, putative, expressed"
69,NsiI.TP349989,Sobic.009G000300,37919118,Sobic.009G000300,Sobic.009G000300.1,Sobic.009G000300.1.p,PF00069,"PTHR27001,PTHR27001:SF132",KOG1187,2.7.11.1,,"GO:0006468,GO:0005524,GO:0004672",AT5G38560.1,,,,Protein kinase superfamily protein,LOC_Os05g01040.1,NA,"serine/threonine-protein kinase, putative, expressed"
70,NsiI.TP360999,Sobic.001G132800,37939038,Sobic.001G132800,Sobic.001G132800.1,Sobic.001G132800.1.p,"PF13499,PF07714","PTHR24349,PTHR24349:SF167",KOG0032,2.7.11.1,K13412,"GO:0006468,GO:0004672",AT1G74740.1,,,"ATCPK30,CDPK1A,CPK30",calcium-dependent protein kinase 30,LOC_Os03g48270.1,NA,"CAMK_CAMK_like.21 - CAMK includes calcium/calmodulin depedent protein kinases, expressed"
71,NsiI.TP360999,Sobic.001G132900,37938073,Sobic.001G132900,Sobic.001G132900.1,Sobic.001G132900.1.p,,"PTHR37736,PTHR37736:SF1",,,,,AT1G27090.1,,,,glycine-rich protein,LOC_Os03g48260.1,NA,expressed protein
72,NsiI.TP408031,Sobic.002G359600,37950255,Sobic.002G359600,Sobic.002G359600.1,Sobic.002G359600.1.p,PF10343,"PTHR21314,PTHR21314:SF0",KOG2524,,,,,,,,,LOC_Os07g39980.1,NA,"GA22009-PA, putative, expressed"
73,NsiI.TP408031,Sobic.002G359700,37951271,Sobic.002G359700,Sobic.002G359700.1,Sobic.002G359700.1.p,PF03195,"PTHR31304,PTHR31304:SF4",,,,,AT5G67420.1,,,"ASL39,LBD37",LOB domain-containing protein 37,LOC_Os07g40000.1,NA,"DUF260 domain containing protein, putative, expressed"
74,NsiI.TP422411,Sobic.003G399101,37913668,Sobic.003G399101,Sobic.003G399101.1,Sobic.003G399101.1.p,,,,,,,,,,,,,NA,
75,NsiI.TP422411,Sobic.003G399200,37913875,Sobic.003G399200,Sobic.003G399200.1,Sobic.003G399200.1.p,PF00854,"PTHR11654,PTHR11654:SF20",,,,"GO:0016020,GO:0006810,GO:0005215",AT1G27080.1,,,NRT1.6,nitrate transporter 1.6,LOC_Os01g68510.1,NA,"peptide transporter PTR2, putative, expressed"
76,NsiI.TP422411,Sobic.003G399000,37916039,Sobic.003G399000,Sobic.003G399000.1,Sobic.003G399000.1.p,PF04398,"PTHR31676,PTHR31676:SF8",,,,,AT3G07470.1,,,,"Protein of unknown function, DUF538",LOC_Os01g68500.1,NA,expressed protein
78,NsiI.TP422411,Sobic.003G399266,37914126,Sobic.003G399266,Sobic.003G399266.1,Sobic.003G399266.1.p,PF00076,PTHR24012,,,,GO:0003676,AT3G08000.1,,,,RNA-binding (RRM/RBD/RNP motifs) family protein,LOC_Os01g68524.2,NA,"pentatricopeptide, putative, expressed"
79,NsiI.TP422411,Sobic.003G399100,37916823,Sobic.003G399100,Sobic.003G399100.1,Sobic.003G399100.1.p,"PF01535,PF13041","PTHR24015,PTHR24015:SF389",,,,,AT4G18750.1,,,DOT4,Pentatricopeptide repeat (PPR) superfamily protein,LOC_Os01g68524.1,NA,"pentatricopeptide, putative, expressed"
81,NsiI.TP424080,Sobic.008G187450,37928515,Sobic.008G187450,Sobic.008G187450.1,Sobic.008G187450.1.p,,,,,,,,,,,,,NA,
82,NsiI.TP424080,Sobic.008G187566,37927168,Sobic.008G187566,Sobic.008G187566.1,Sobic.008G187566.1.p,,,,,,,,,,,,,NA,
83,NsiI.TP424080,Sobic.008G187400,37926795,Sobic.008G187400,Sobic.008G187400.2,Sobic.008G187400.2.p,,"PTHR36885,PTHR36885:SF2",,,,,,,,,,,NA,
85,NsiI.TP424080,Sobic.008G187500,37926968,Sobic.008G187500,Sobic.008G187500.1,Sobic.008G187500.1.p,PF00170,"PTHR22952,PTHR22952:SF181",,,,"GO:0043565,GO:0006355,GO:0003700",,,,,,LOC_Os12g43790.1,NA,"bZIP transcription factor domain containing protein, expressed"
86,NsiI.TP424080,Sobic.008G187632,37928808,Sobic.008G187632,Sobic.008G187632.1,Sobic.008G187632.1.p,,,,,,,,,,,,,NA,
87,NsiI.TP424080,Sobic.008G187700,37927567,Sobic.008G187700,Sobic.008G187700.1,Sobic.008G187700.1.p,,"PTHR34061,PTHR34061:SF1",,,,,,,,,,LOC_Os03g47210.1,NA,expressed protein
109,NsiI.TP440500,Sobic.009G259500,NA,NA,NA,NA,NA,NA,NA,NA,NA,NA,NA,,,NA,NA,NA,NA,NA
110,NsiI.TP440500,Sobic.009G259600,NA,NA,NA,NA,NA,NA,NA,NA,NA,NA,NA,,,NA,NA,NA,NA,NA
111,NsiI.TP440500,Sobic.009G259700,NA,NA,NA,NA,NA,NA,NA,NA,NA,NA,NA,,,NA,NA,NA,NA,NA
114,NsiI.TP444479,Sobic.002G326200,37952559,Sobic.002G326200,Sobic.002G326200.1,Sobic.002G326200.1.p,"PF01657,PF07714","PTHR27002,PTHR27002:SF90",KOG1187,2.7.11.1,,"GO:0006468,GO:0004672",AT4G23310.1,,,CRK23,cysteine-rich RLK (RECEPTOR-like protein kinase) 23,LOC_Os07g35004.1,NA,"TKL_IRAK_DUF26-la.4 - DUF26 kinases have homology to DUF26 containing loci, expressed"
115,NsiI.TP444479,Sobic.002G326300,37949528,Sobic.002G326300,Sobic.002G326300.1,Sobic.002G326300.1.p,PF07714,"PTHR27002,PTHR27002:SF99",,2.7.10.2,,"GO:0006468,GO:0004672",AT4G23180.1,,,"CRK10,RLK4",cysteine-rich RLK (RECEPTOR-like protein kinase) 10,LOC_Os07g34980.1,NA,"TKL_IRAK_DUF26-lh.9 - DUF26 kinases have homology to DUF26 containing loci, expressed"
116,NsiI.TP444479,Sobic.002G326400,37953097,Sobic.002G326400,Sobic.002G326400.1,Sobic.002G326400.1.p,"PF01657,PF07714","PTHR27002,PTHR27002:SF159",KOG1187,2.7.11.1,,"GO:0006468,GO:0004672",AT4G23310.1,,,CRK23,cysteine-rich RLK (RECEPTOR-like protein kinase) 23,LOC_Os07g34980.1,NA,"TKL_IRAK_DUF26-lh.9 - DUF26 kinases have homology to DUF26 containing loci, expressed"
117,NsiI.TP460633,Sobic.004G280301,37933332,Sobic.004G280301,Sobic.004G280301.1,Sobic.004G280301.1.p,PF00403,"PTHR22814,PTHR22814:SF85",KOG1603,,,"GO:0046872,GO:0030001",AT3G56891.1,,,,Heavy metal transport/detoxification superfamily protein ,LOC_Os03g02860.1,NA,"heavy metal-associated domain containing protein, expressed"
119,NsiI.TP460633,Sobic.004G280200,37929945,Sobic.004G280200,Sobic.004G280200.1,Sobic.004G280200.1.p,PF06454,"PTHR31142,PTHR31142:SF7",,,,,AT2G02180.1,,,TOM3,tobamovirus multiplication protein 3,LOC_Os02g45870.1,NA,"tobamovirus multiplication protein, putative, expressed"
120,NsiI.TP460633,Sobic.004G280401,37931949,Sobic.004G280401,Sobic.004G280401.1,Sobic.004G280401.1.p,,,,,,,AT1G33055.1,,,,,LOC_Os07g28614.1,NA,expressed protein
121,NsiI.TP468343,Sobic.003G390800,37914929,Sobic.003G390800,Sobic.003G390800.5,Sobic.003G390800.5.p,PF01764,"PTHR21493,PTHR21493:SF140",,,,GO:0006629,AT1G05790.1,,,,lipase class 3 family protein,LOC_Os01g67420.1,NA,"lipase, putative, expressed"
125,NsiI.TP474172,Sobic.001G335100,37940254,Sobic.001G335100,Sobic.001G335100.1,Sobic.001G335100.1.p,"PF00646,PF08387","PTHR32212,PTHR32212:SF76",,,,GO:0005515,AT3G59200.1,,,,F-box/RNI-like superfamily protein,LOC_Os04g13160.1,NA,"OsFBD9 - F-box and FBD domain containing protein, expressed"
126,NsiI.TP474172,Sobic.001G335000,37944711,Sobic.001G335000,Sobic.001G335000.1,Sobic.001G335000.1.p,PF01145,PTHR15351,KOG2962,,,,AT2G03510.1,,,,SPFH/Band 7/PHB domain-containing membrane-associated protein family,LOC_Os03g30790.1,NA,"erlin-2 precursor, putative, expressed"
128,NsiI.TP486731,Sobic.002G414150,37954214,Sobic.002G414150,Sobic.002G414150.1,Sobic.002G414150.1.p,,,,,,,,,,,,,NA,
129,NsiI.TP486731,Sobic.002G414300,37954132,Sobic.002G414300,Sobic.002G414300.1,Sobic.002G414300.1.p,,,,,,,,,,,,,NA,
130,NsiI.TP486731,Sobic.002G414400,37949585,Sobic.002G414400,Sobic.002G414400.1,Sobic.002G414400.1.p,PF06596,"PTHR34455,PTHR34455:SF1",,,,"GO:0016020,GO:0015979,GO:0009523",AT2G06520.1,,,PSBX,photosystem II subunit X,LOC_Os07g47640.1,NA,"ultraviolet-B-repressible protein, putative, expressed"
131,NsiI.TP487417,Sobic.002G140500,37953137,Sobic.002G140500,Sobic.002G140500.1,Sobic.002G140500.1.p,PF01190,"PTHR31614,PTHR31614:SF11",,,,,AT1G29140.1,,,,Pollen Ole e 1 allergen and extensin family protein,LOC_Os09g39950.1,NA,"POEI23 - Pollen Ole e I allergen and extensin family protein precursor, expressed"
132,NsiI.TP487417,Sobic.002G140700,37951143,Sobic.002G140700,Sobic.002G140700.1,Sobic.002G140700.1.p,PF04083,"PTHR11005,PTHR11005:SF37",KOG2624,3.1.1.3,,GO:0006629,AT2G15230.1,,,"ATLIP1,LIP1",lipase 1,LOC_Os09g01590.1,NA,"triacylglycerol lipase 1 precursor, putative, expressed"
133,NsiI.TP487417,Sobic.002G140400,37949608,Sobic.002G140400,Sobic.002G140400.1,Sobic.002G140400.1.p,PF02298,"PTHR33021,PTHR33021:SF69",,,,GO:0009055,AT2G32300.1,,,UCC1,uclacyanin 1,LOC_Os09g39940.1,NA,"plastocyanin-like domain containing protein, putative, expressed"
135,NsiI.TP487417,Sobic.002G140600,37951427,Sobic.002G140600,Sobic.002G140600.1,Sobic.002G140600.1.p,"PF02212,PF00350,PF01031","PTHR11566,PTHR11566:SF73",,,,"GO:0005525,GO:0003924",AT3G60190.1,,,"ADL1E,ADL4,ADLP2,DL1E,DRP1E,EDR3",DYNAMIN-like 1E,LOC_Os09g39960.1,NA,"dynamin family protein, putative, expressed"
136,NsiI.TP501941,Sobic.003G328700,37918239,Sobic.003G328700,Sobic.003G328700.1,Sobic.003G328700.1.p,"PF03871,PF01191",PTHR10535,KOG3218,2.7.7.6,K03013,"GO:0006351,GO:0005634,GO:0003899,GO:0003677",AT3G22320.1,,,"ATRPABC24.3,NRPB5,NRPD5,RPB5A",Eukaryotic rpb5 RNA polymerase subunit family protein,LOC_Os01g59140.1,NA,"DNA-directed RNA polymerases I, II, and III subunit RPABC1, putative, expressed"
137,NsiI.TP501941,Sobic.003G328800,37914684,Sobic.003G328800,Sobic.003G328800.1,Sobic.003G328800.1.p,"PF03953,PF00091","PTHR11588,PTHR11588:SF114",,2.4.2.1,K07375,"GO:0003924,GO:0007017,GO:0005874",AT5G12250.1,,,TUB6,beta-6 tubulin,LOC_Os01g59150.1,NA,"tubulin/FtsZ domain containing protein, putative, expressed"
139,NsiI.TP501941,Sobic.003G328900,37917146,Sobic.003G328900,Sobic.003G328900.1,Sobic.003G328900.1.p,"PF01694,PF00627","PTHR12917,PTHR12917:SF20",KOG4463,,,"GO:0016021,GO:0004252",AT3G56740.1,,,,Ubiquitin-associated (UBA) protein,LOC_Os01g59160.1,NA,"UBA/TS-N domain containing protein, expressed"
140,NsiI.TP501941,Sobic.003G329000,37915713,Sobic.003G329000,Sobic.003G329000.2,Sobic.003G329000.2.p,PF00646,"PTHR31482,PTHR31482:SF4",,,,GO:0005515,AT2G26850.1,,,,F-box family protein,LOC_Os01g59180.1,NA,"OsFBX27 - F-box domain containing protein, expressed"
142,NsiI.TP504649,Sobic.004G339900,37930422,Sobic.004G339900,Sobic.004G339900.1,Sobic.004G339900.1.p,,"PTHR13132,PTHR13132:SF29",,,,,AT5G28910.2,,,,,LOC_Os02g56500.5,NA,expressed protein
143,NsiI.TP504649,Sobic.004G340000,37930253,Sobic.004G340000,Sobic.004G340000.1,Sobic.004G340000.1.p,,,,,,,,,,,,LOC_Os02g56490.1,NA,expressed protein
145,NsiI.TP512189,Sobic.003G285300,37917293,Sobic.003G285300,Sobic.003G285300.1,Sobic.003G285300.1.p,,"PTHR34591,PTHR34591:SF1",,,,,,,,,,LOC_Os03g47420.1,NA,"OsFBX107 - F-box domain containing protein, expressed"
146,NsiI.TP512189,Sobic.003G285500,37915061,Sobic.003G285500,Sobic.003G285500.1,Sobic.003G285500.1.p,PF03106,"PTHR31282,PTHR31282:SF9",,,,"GO:0043565,GO:0006355,GO:0003700",AT3G58710.1,,,"ATWRKY69,WRKY69",WRKY DNA-binding protein 69,LOC_Os01g53040.1,NA,"WRKY14, expressed"
147,NsiI.TP512189,Sobic.003G285700,37914134,Sobic.003G285700,Sobic.003G285700.1,Sobic.003G285700.1.p,"PF12169,PF13177","PTHR11669,PTHR11669:SF16",KOG0989,2.7.7.7,,GO:0003887,AT4G18820.1,,,,AAA-type ATPase family protein,LOC_Os01g53070.1,NA,"ATP binding protein, putative, expressed"
148,NsiI.TP512189,Sobic.003G285400,37914559,Sobic.003G285400,Sobic.003G285400.1,Sobic.003G285400.1.p,,,,,,,AT2G42750.1,,,,DNAJ heat shock N-terminal domain-containing protein,LOC_Os05g45350.1,NA,"dnaJ domain containing protein, expressed"
149,NsiI.TP512189,Sobic.003G285600,37913604,Sobic.003G285600,Sobic.003G285600.1,Sobic.003G285600.1.p,PF04117,"PTHR11266,PTHR11266:SF37",KOG1944,,K13348,GO:0016021,AT2G42770.1,,,,Peroxisomal membrane 22 kDa (Mpv17/PMP22) family protein,LOC_Os01g53060.1,NA,"peroxisomal membrane protein, putative, expressed"
151,NsiI.TP523625,Sobic.004G283900,37933639,Sobic.004G283900,Sobic.004G283900.1,Sobic.004G283900.1.p,PF00067,"PTHR24286,PTHR24286:SF11",KOG0157,,,"GO:0055114,GO:0020037,GO:0016705,GO:0005506",AT1G12740.1,,,CYP87A2,"cytochrome P450, family 87, subfamily A, polypeptide 2",LOC_Os02g45280.1,NA,"cytochrome P450, putative, expressed"
152,NsiI.TP523625,Sobic.004G283800,37930248,Sobic.004G283800,Sobic.004G283800.1,Sobic.004G283800.1.p,PF03141,"PTHR10108,PTHR10108:SF842",,,,GO:0008168,AT4G00750.1,,,,S-adenosyl-L-methionine-dependent methyltransferases superfamily protein,LOC_Os02g45310.1,NA,"dehydration response related protein, putative, expressed"
153,NsiI.TP554032,Sobic.003G186900,37913425,Sobic.003G186900,Sobic.003G186900.2,Sobic.003G186900.2.p,"PF04851,PF00271","PTHR24031,PTHR24031:SF246",,3.6.4.13,K12812,"GO:0016787,GO:0005524,GO:0003677",AT5G11170.1,,,,DEAD/DEAH box RNA helicase family protein ,LOC_Os01g36920.2,NA,"DEAD-box ATP-dependent RNA helicase, putative, expressed"
157,NsiI.TP554032,Sobic.003G187000,37918124,Sobic.003G187000,Sobic.003G187000.1,Sobic.003G187000.1.p,"PF14497,PF13417","PTHR11260,PTHR11260:SF269",KOG0406,2.5.1.18,K00799,GO:0005515,AT1G10370.1,,,"ATGSTU17,ERD9,GST30,GST30B",Glutathione S-transferase family protein,LOC_Os10g38470.1,NA,"glutathione S-transferase, putative, expressed"
158,NsiI.TP58591,Sobic.001G140200,37940928,Sobic.001G140200,Sobic.001G140200.1,Sobic.001G140200.1.p,"PF03789,PF05920,PF03790,PF03791","PTHR11850,PTHR11850:SF106",KOG0773,,,"GO:0003677,GO:0006355,GO:0005634",AT4G08150.1,,,"BP,BP1,KNAT1",KNOTTED-like from Arabidopsis thaliana,LOC_Os07g03770.1,NA,"Homeobox domain containing protein, expressed"
159,NsiI.TP58591,Sobic.001G140400,37938025,Sobic.001G140400,Sobic.001G140400.1,Sobic.001G140400.1.p,,"PTHR33109,PTHR33109:SF5",,,,,AT4G37810.1,,,,,LOC_Os03g46930.1,NA,expressed protein
160,NsiI.TP58591,Sobic.001G140300,37938709,Sobic.001G140300,Sobic.001G140300.1,Sobic.001G140300.1.p,"PF02018,PF00331","PTHR31490,PTHR31490:SF1",,3.2.1.8,,"GO:0016798,GO:0005975,GO:0004553",AT1G58370.1,,,"ATXYN1,RXF12",glycosyl hydrolase family 10 protein / carbohydrate-binding domain-containing protein,LOC_Os03g47010.1,NA,"glycosyl hydrolase family 10 protein, putative, expressed"
162,NsiI.TP614629,Sobic.002G233200,37950083,Sobic.002G233200,Sobic.002G233200.1,Sobic.002G233200.1.p,PF02298,"PTHR33021,PTHR33021:SF65",,,,GO:0009055,AT2G32300.1,,,UCC1,uclacyanin 1,LOC_Os09g29390.1,NA,"plastocyanin-like domain containing protein, putative, expressed"
163,NsiI.TP614629,Sobic.002G233400,37954236,Sobic.002G233400,Sobic.002G233400.2,Sobic.002G233400.2.p,PF02298,"PTHR33021,PTHR33021:SF65",,,,GO:0009055,AT1G72230.1,,,,Cupredoxin superfamily protein,LOC_Os09g29390.1,NA,"plastocyanin-like domain containing protein, putative, expressed"
164,NsiI.TP614629,Sobic.002G233500,37952513,Sobic.002G233500,Sobic.002G233500.1,Sobic.002G233500.1.p,PF02298,"PTHR33021,PTHR33021:SF65",,,,GO:0009055,AT2G32300.1,,,UCC1,uclacyanin 1,LOC_Os09g29390.1,NA,"plastocyanin-like domain containing protein, putative, expressed"
165,NsiI.TP614629,Sobic.002G233300,37950252,Sobic.002G233300,Sobic.002G233300.1,Sobic.002G233300.1.p,PF02298,"PTHR33021,PTHR33021:SF65",,,,GO:0009055,AT1G72230.1,,,,Cupredoxin superfamily protein,LOC_Os09g29390.1,NA,"plastocyanin-like domain containing protein, putative, expressed"
167,NsiI.TP624872,Sobic.004G259200,37933841,Sobic.004G259200,Sobic.004G259200.1,Sobic.004G259200.1.p,PF00153,"PTHR24089,PTHR24089:SF316",KOG0749,,K05863,,AT5G13490.2,,,AAC2,ADP/ATP carrier 2,LOC_Os02g48720.1,NA,"mitochondrial carrier protein, putative, expressed"
169,NsiI.TP624872,Sobic.004G259101,37929485,Sobic.004G259101,Sobic.004G259101.1,Sobic.004G259101.1.p,PF02115,"PTHR10980,PTHR10980:SF18",KOG3205,,,"GO:0005737,GO:0005094",AT3G07880.1,,,SCN1,Immunoglobulin E-set superfamily protein,LOC_Os02g48730.1,NA,"rho GDP-dissociation inhibitor 1, putative, expressed"
170,NsiI.TP640755,Sobic.002G124832,37954707,Sobic.002G124832,Sobic.002G124832.1,Sobic.002G124832.1.p,,,,,,,,,,,,,NA,
171,NsiI.TP640755,Sobic.002G124766,37955236,Sobic.002G124766,Sobic.002G124766.1,Sobic.002G124766.1.p,,,,,,,,,,,,,NA,
172,NsiI.TP640755,Sobic.002G124700,37954462,Sobic.002G124700,Sobic.002G124700.1,Sobic.002G124700.1.p,PF00230,"PTHR19139,PTHR19139:SF137",KOG0223,,K09872,"GO:0016020,GO:0006810,GO:0005215",AT2G37170.1,,,"PIP2;2,PIP2B",plasma membrane intrinsic protein 2,LOC_Os07g26690.1,NA,"aquaporin protein, putative, expressed"
173,NsiI.TP641200,Sobic.001G040900,37939389,Sobic.001G040900,Sobic.001G040900.1,Sobic.001G040900.1.p,PF02365,"PTHR31719,PTHR31719:SF41",,,,"GO:0006355,GO:0003677",AT2G18060.1,,,"ANAC037,VND1",vascular related NAC-domain protein 1,LOC_Os03g59730.1,NA,"No apical meristem protein, putative, expressed"
174,NsiI.TP641200,Sobic.001G041000,37938943,Sobic.001G041000,Sobic.001G041000.1,Sobic.001G041000.1.p,PF00444,"PTHR18804,PTHR18804:SF12",KOG4122,,K02919,"GO:0006412,GO:0005840,GO:0005622,GO:0003735",AT5G20180.1,,,,Ribosomal protein L36,LOC_Os03g59720.1,NA,"ribosomal protein L36 containing protein, expressed"
175,NsiI.TP641200,Sobic.001G041100,37944367,Sobic.001G041100,Sobic.001G041100.1,Sobic.001G041100.1.p,PF00076,PTHR12785,KOG0114,,K12833,GO:0003676,AT5G12190.1,,,,RNA-binding (RRM/RBD/RNP motifs) family protein,LOC_Os03g59710.1,NA,"RNA recognition motif containing protein, putative, expressed"
176,NsiI.TP641200,Sobic.001G041200,37943856,Sobic.001G041200,Sobic.001G041200.1,Sobic.001G041200.1.p,PF00160,"PTHR11071,PTHR11071:SF58",KOG0879,5.2.1.8,K09567,"GO:0006457,GO:0003755,GO:0000413",AT2G38730.1,,,,Cyclophilin-like peptidyl-prolyl cis-trans isomerase family protein,LOC_Os03g59700.1,NA,"peptidyl-prolyl cis-trans isomerase, putative, expressed"
177,NsiI.TP641200,Sobic.001G040800,37941644,Sobic.001G040800,Sobic.001G040800.1,Sobic.001G040800.1.p,PF09439,"PTHR11711,PTHR11711:SF181",KOG0070,,"K07937,K07977",,AT1G10630.1,,,"ARFA1F,ATARFA1F",ADP-ribosylation factor A1F,LOC_Os03g59740.3,NA,"ADP-ribosylation factor, putative, expressed"
178,NsiI.TP671324,Sobic.004G027000,37932352,Sobic.004G027000,Sobic.004G027000.1,Sobic.004G027000.1.p,PF03145,"PTHR10315,PTHR10315:SF34",KOG3002,6.3.2.19,K04506,"GO:0007275,GO:0006511,GO:0005634",AT3G58040.1,,,SINAT2,seven in absentia of Arabidopsis 2,LOC_Os02g03620.1,NA,"seven in absentia protein family domain containing protein, expressed"
179,NsiI.TP671324,Sobic.004G026900,37933985,Sobic.004G026900,Sobic.004G026900.1,Sobic.004G026900.1.p,PF00179,"PTHR24067,PTHR24067:SF105",,6.3.2.19,,,AT2G16920.1,,,"PFU2,UBC23",ubiquitin-conjugating enzyme 23,LOC_Os01g03520.1,NA,"ubiquitin conjugating enzyme protein, putative, expressed"
181,NsiI.TP671324,Sobic.004G027150,37933120,Sobic.004G027150,Sobic.004G027150.1,Sobic.004G027150.1.p,,,,,,,,,,,,,NA,
182,NsiI.TP671324,Sobic.004G027100,37930405,Sobic.004G027100,Sobic.004G027100.1,Sobic.004G027100.1.p,PF08477,"PTHR11711,PTHR11711:SF200",KOG0070,,K07977,"GO:0007264,GO:0005525",AT5G17060.1,,,"ARFB1B,ATARFB1B",ADP-ribosylation factor B1B,LOC_Os02g03610.1,NA,"ADP-ribosylation factor, putative, expressed"
183,NsiI.TP678261,Sobic.008G133000,37926230,Sobic.008G133000,Sobic.008G133000.1,Sobic.008G133000.1.p,,"PTHR34658,PTHR34658:SF1",,,,,AT1G07795.1,,,,,LOC_Os12g37900.1,NA,expressed protein
184,NsiI.TP678261,Sobic.008G133100,37927620,Sobic.008G133100,Sobic.008G133100.1,Sobic.008G133100.1.p,"PF13947,PF07714","PTHR27005,PTHR27005:SF6",KOG1187,2.7.11.1,,"GO:0030247,GO:0006468,GO:0004672",AT1G21210.1,,,WAK4,wall associated kinase 4,LOC_Os02g41500.1,NA,"OsWAK13 - OsWAK receptor-like protein kinase, expressed"
185,NsiI.TP702393,Sobic.007G131900,37935889,Sobic.007G131900,Sobic.007G131900.1,Sobic.007G131900.1.p,,"PTHR35508,PTHR35508:SF1",,,,,AT5G16550.1,,,,,LOC_Os08g32980.1,NA,expressed protein
187,NsiI.TP702393,Sobic.007G131950,37936842,Sobic.007G131950,Sobic.007G131950.1,Sobic.007G131950.1.p,,,,,,,,,,,,,NA,
188,NsiI.TP718157,Sobic.003G097900,37917147,Sobic.003G097900,Sobic.003G097900.1,Sobic.003G097900.1.p,,"PTHR10315,PTHR10315:SF30",,6.3.2.19,,"GO:0007275,GO:0006511,GO:0005634",AT5G37870.1,,,,Protein with RING/U-box and TRAF-like domains,LOC_Os01g03290.1,NA,"seven in absentia protein family domain containing protein, expressed"
190,NsiI.TP724799,Sobic.004G353400,37932568,Sobic.004G353400,Sobic.004G353400.1,Sobic.004G353400.1.p,"PF00560,PF13855",PTHR23155,KOG0472,,,GO:0005515,AT3G15410.1,,,,Leucine-rich repeat (LRR) family protein,LOC_Os02g58030.1,NA,"leucine-rich repeat-containing protein 40, putative, expressed"
191,NsiI.TP724799,Sobic.004G353300,37931265,Sobic.004G353300,Sobic.004G353300.1,Sobic.004G353300.1.p,PF10250,"PTHR31741,PTHR31741:SF6",,,,,AT3G03810.1,,,EDA30,O-fucosyltransferase family protein,LOC_Os05g04190.2,NA,"growth regulator related protein, putative, expressed"
192,NsiI.TP724799,Sobic.004G353200,37930741,Sobic.004G353200,Sobic.004G353200.1,Sobic.004G353200.1.p,PF01399,"PTHR10855,PTHR10855:SF1",,,K03035,GO:0005515,AT5G09900.1,,,"EMB2107,MSA,RPN5A","26S proteasome regulatory subunit, putative (RPN5)",LOC_Os03g63430.1,NA,"proteasome subunit, putative, expressed"
195,NsiI.TP756808,Sobic.010G261800,NA,NA,NA,NA,NA,NA,NA,NA,NA,NA,NA,,,NA,NA,NA,NA,NA
196,NsiI.TP756808,Sobic.010G262000,NA,NA,NA,NA,NA,NA,NA,NA,NA,NA,NA,,,NA,NA,NA,NA,NA
197,NsiI.TP756808,Sobic.010G261900,NA,NA,NA,NA,NA,NA,NA,NA,NA,NA,NA,,,NA,NA,NA,NA,NA
198,NsiI.TP756808,Sobic.010G262100,NA,NA,NA,NA,NA,NA,NA,NA,NA,NA,NA,,,NA,NA,NA,NA,NA
199,NsiI.TP806172,Sobic.002G198900,37950903,Sobic.002G198900,Sobic.002G198900.1,Sobic.002G198900.1.p,PF13041,"PTHR24015,PTHR24015:SF793",,,,,AT5G61400.1,,,,Pentatricopeptide repeat (PPR) superfamily protein,LOC_Os09g25050.1,NA,"PPR repeat domain containing protein, putative, expressed"
200,NsiI.TP806172,Sobic.002G198801,37952555,Sobic.002G198801,Sobic.002G198801.1,Sobic.002G198801.1.p,"PF13812,PF13041,PF01535","PTHR24015,PTHR24015:SF841",,,,,AT5G56310.1,,,,Pentatricopeptide repeat (PPR) superfamily protein,LOC_Os09g24520.2,NA,"pentatricopeptide, putative, expressed"
201,NsiI.TP806172,Sobic.002G199000,37954292,Sobic.002G199000,Sobic.002G199000.2,Sobic.002G199000.2.p,"PF00856,PF09273","PTHR13271,PTHR13271:SF29",KOG1337,2.1.1.259,K00592,GO:0005515,AT1G14030.1,,,,Rubisco methyltransferase family protein,LOC_Os09g24530.1,NA,"ribulose-1,5 bisphosphate carboxylase/oxygenase large subunit N-methyltransferase, chloroplast precursor, putative, expressed"
202,NsiI.TP806172,Sobic.002G199100,37951902,Sobic.002G199100,Sobic.002G199100.1,Sobic.002G199100.1.p,PF13616,PTHR10657,KOG3258,5.2.1.8,K09579,,AT1G26550.1,,,,FKBP-like peptidyl-prolyl cis-trans isomerase family protein,LOC_Os09g24540.1,NA,"peptidyl-prolyl cis-trans isomerase, putative, expressed"
204,NsiI.TP806172,Sobic.002G198700,37954790,Sobic.002G198700,Sobic.002G198700.1,Sobic.002G198700.1.p,,"PTHR35100,PTHR35100:SF2",,,,,AT1G23110.1,,,,,LOC_Os08g33640.1,NA,expressed protein
206,PstI.TP1000873,Sobic.007G144300,37935775,Sobic.007G144300,Sobic.007G144300.1,Sobic.007G144300.1.p,"PF08282,PF00982","PTHR10788,PTHR10788:SF24",,"2.4.1.15,3.1.3.12",K16055,"GO:0005992,GO:0003824",AT4G17770.1,,,"ATTPS5,TPS5",trehalose phosphatase/synthase 5,LOC_Os08g34580.1,NA,"trehalose-6-phosphate synthase, putative, expressed"
207,PstI.TP1000873,Sobic.007G144400,37935822,Sobic.007G144400,Sobic.007G144400.1,Sobic.007G144400.1.p,PF02458,"PTHR31642,PTHR31642:SF55",,2.3.1.188,K15400,GO:0016747,AT5G41040.1,,,,HXXXD-type acyl-transferase family protein,LOC_Os11g31090.1,NA,"transferase family protein, putative, expressed"
208,PstI.TP1009084,Sobic.008G041000,37928226,Sobic.008G041000,Sobic.008G041000.1,Sobic.008G041000.1.p,"PF12854,PF13041,PF01535","PTHR24015,PTHR24015:SF723",,,,,AT5G04780.1,,,,Pentatricopeptide repeat (PPR) superfamily protein,LOC_Os12g06070.1,NA,expressed protein
209,PstI.TP1009084,Sobic.008G041100,37926766,Sobic.008G041100,Sobic.008G041100.1,Sobic.008G041100.1.p,PF02362,"PTHR31140,PTHR31140:SF19",,,,GO:0003677,AT3G11580.1,,,,AP2/B3-like transcriptional factor family protein,LOC_Os12g06080.1,NA,expressed protein
210,PstI.TP1010623,Sobic.003G029600,37913084,Sobic.003G029600,Sobic.003G029600.1,Sobic.003G029600.1.p,"PF00400,PF04053,PF06957","PTHR19876,PTHR19876:SF5",,,K05236,"GO:0005515,GO:0030117,GO:0016192,GO:0006886,GO:0005198,GO:0030126",AT1G62020.1,,,,"Coatomer, alpha subunit",LOC_Os09g04110.2,NA,"coatomer alpha subunit, putative, expressed"
211,PstI.TP1010623,Sobic.003G029700,37916558,Sobic.003G029700,Sobic.003G029700.1,Sobic.003G029700.1.p,PF00069,"PTHR11909,PTHR11909:SF185",KOG1164,2.7.11.1,,"GO:0006468,GO:0005524,GO:0004672",AT2G25760.1,,,,Protein kinase family protein,LOC_Os05g11140.2,NA,"CK1_CaseinKinase_1a.5 - CK1 includes the casein kinase 1 kinases, expressed"
212,PstI.TP1010623,Sobic.003G029500,37913663,Sobic.003G029500,Sobic.003G029500.1,Sobic.003G029500.1.p,"PF00069,PF13639,PF00400","PTHR22844,PTHR22844:SF215","KOG0645,KOG0279",2.7.11.7,,"GO:0006468,GO:0005524,GO:0004672,GO:0008270,GO:0005515",AT1G21651.1,,,,zinc ion binding,LOC_Os05g34880.1,NA,"zinc finger, C3HC4 type family protein, expressed"
213,PstI.TP1014707,Sobic.001G322200,37940744,Sobic.001G322200,Sobic.001G322200.1,Sobic.001G322200.1.p,PF12695,"PTHR10992,PTHR10992:SF809",KOG1454,,,,AT2G36290.1,,,,alpha/beta-Hydrolases superfamily protein,LOC_Os10g37710.1,NA,"hydrolase, alpha/beta fold family protein, putative, expressed"
214,PstI.TP1014707,Sobic.001G322100,37937413,Sobic.001G322100,Sobic.001G322100.1,Sobic.001G322100.1.p,PF12695,"PTHR10992,PTHR10992:SF897",KOG1454,"3.7.1.8,3.7.1.17",,,AT1G74300.1,,,,alpha/beta-Hydrolases superfamily protein,LOC_Os10g37720.1,NA,"hydrolase, alpha/beta fold family protein, putative, expressed"
215,PstI.TP1014707,Sobic.001G321900,37941378,Sobic.001G321900,Sobic.001G321900.1,Sobic.001G321900.1.p,PF07714,PTHR24057,,"2.7.11.1,2.7.11.26",,"GO:0006468,GO:0004672",AT4G00720.1,,,"ASKTHETA,ATSK32,SK32",shaggy-like protein kinase 32,LOC_Os10g37740.1,NA,"CGMC_GSK.9 - CGMC includes CDA, MAPK, GSK3, and CLKC kinases, expressed"
216,PstI.TP1014707,Sobic.001G322000,37940735,Sobic.001G322000,Sobic.001G322000.1,Sobic.001G322000.1.p,"PF13637,PF13857","PTHR24128,PTHR24128:SF13",KOG0502,,K19044,,AT5G07270.1,,,XBAT33,XB3 ortholog 3 in Arabidopsis thaliana,LOC_Os10g37730.1,NA,"pollen ankyrin, putative, expressed"
217,PstI.TP1040489,Sobic.004G061400,37931795,Sobic.004G061400,Sobic.004G061400.2,Sobic.004G061400.2.p,"PF00690,PF12515,PF00702,PF00689,PF00122","PTHR24093,PTHR24093:SF359",,3.6.3.8,K01537,"GO:0005516,GO:0046872,GO:0000166",AT5G57110.2,,,"ACA8,AT-ACA8","autoinhibited Ca2+ -ATPase, isoform 8",LOC_Os04g51610.1,NA,"calcium-transporting ATPase, plasma membrane-type, putative, expressed"
218,PstI.TP1075817,Sobic.001G128300,37941100,Sobic.001G128300,Sobic.001G128300.1,Sobic.001G128300.1.p,"PF00571,PF00654","PTHR11689,PTHR11689:SF92",,,K05016,"GO:0055085,GO:0016020,GO:0006821,GO:0005247",AT5G26240.1,,,"ATCLC-D,CLC-D",chloride channel D,LOC_Os03g48940.1,NA,"chloride channel protein CLC-d, putative, expressed"
219,PstI.TP1075817,Sobic.001G128500,37938517,Sobic.001G128500,Sobic.001G128500.1,Sobic.001G128500.1.p,PF14368,"PTHR33044,PTHR33044:SF14",,,,,AT3G22600.1,,,,Bifunctional inhibitor/lipid-transfer protein/seed storage 2S albumin superfamily protein,LOC_Os07g07930.1,NA,"LTPL78 - Protease inhibitor/seed storage/LTP family protein precursor, expressed"
221,PstI.TP1075817,Sobic.001G128400,37944466,Sobic.001G128400,Sobic.001G128400.1,Sobic.001G128400.1.p,PF00227,"PTHR11599,PTHR11599:SF6",KOG0177,3.4.25.1,K02734,"GO:0051603,GO:0005839,GO:0004298",AT3G22630.1,,,"PBD1,PRCGB",20S proteasome beta subunit D1,LOC_Os03g48930.1,NA,"peptidase, T1 family, putative, expressed"
222,PstI.TP1075817,Sobic.001G128800,37942550,Sobic.001G128800,Sobic.001G128800.1,Sobic.001G128800.1.p,PF00642,"PTHR24009,PTHR24009:SF3",,,,GO:0046872,AT5G12440.1,,,,CCCH-type zinc fingerfamily protein with RNA-binding domain,LOC_Os07g48410.2,NA,"RNA-binding zinc finger protein, putative, expressed"
223,PstI.TP1075817,Sobic.001G128600,37943921,Sobic.001G128600,Sobic.001G128600.1,Sobic.001G128600.1.p,PF07466,"PTHR33975,PTHR33975:SF2",,,,,AT1G54520.1,,,,,LOC_Os03g48920.1,NA,"DUF1517 domain containing protein, putative, expressed"
224,PstI.TP1084308,Sobic.004G143475,37931774,Sobic.004G143475,Sobic.004G143475.1,Sobic.004G143475.1.p,"PF00168,PF16909,PF06650,PF06101,PF12624,PF16910,PF16908","PTHR16166,PTHR16166:SF93",KOG1809,,,GO:0005515,AT1G48090.1,,,,calcium-dependent lipid-binding family protein,LOC_Os02g27110.1,NA,expressed protein
225,PstI.TP108989,Sobic.001G034050,37942228,Sobic.001G034050,Sobic.001G034050.1,Sobic.001G034050.1.p,,,,,,,,,,,,,NA,
226,PstI.TP108989,Sobic.001G034100,37942966,Sobic.001G034100,Sobic.001G034100.1,Sobic.001G034100.1.p,PF00481,"PTHR13832,PTHR13832:SF228",KOG0700,3.1.3.16,,"GO:0003824,GO:0006470,GO:0004722",AT2G28890.1,,,PLL4,poltergeist like 4,LOC_Os03g60650.1,NA,"protein phosphatase 2C, putative, expressed"
227,PstI.TP108989,Sobic.001G034200,37942056,Sobic.001G034200,Sobic.001G034200.1,Sobic.001G034200.1.p,PF01158,PTHR10114,KOG3452,,K02920,"GO:0006412,GO:0005840,GO:0005622,GO:0003735",AT2G37600.1,,,,Ribosomal protein L36e family protein,LOC_Os01g62350.1,NA,"60S ribosomal protein L36-2, putative, expressed"
228,PstI.TP1094695,Sobic.001G383800,37938306,Sobic.001G383800,Sobic.001G383800.1,Sobic.001G383800.1.p,"PF13499,PF13405","PTHR10891,PTHR10891:SF602",KOG0027,,K13448,GO:0005509,AT4G20780.1,,,CML42,calmodulin like 42,LOC_Os03g21380.1,NA,"OsCML27 - Calmodulin-related calcium sensor protein, expressed"
229,PstI.TP1094695,Sobic.001G384000,37940572,Sobic.001G384000,Sobic.001G384000.1,Sobic.001G384000.1.p,,"PTHR31008,PTHR31008:SF5",,,,,AT3G14172.1,,,,,LOC_Os03g21270.1,NA,expressed protein
230,PstI.TP1094695,Sobic.001G384100,37942633,Sobic.001G384100,Sobic.001G384100.1,Sobic.001G384100.1.p,"PF06415,PF01676","PTHR31637,PTHR31637:SF3",,"5.4.2.12,5.4.2.11",K15633,"GO:0030145,GO:0006007,GO:0005737,GO:0004619,GO:0046872,GO:0003824",AT1G09780.1,,,,"Phosphoglycerate mutase, 2,3-bisphosphoglycerate-independent",LOC_Os03g21260.1,NA,"2,3-bisphosphoglycerate-independent phosphoglycerate mutase, putative, expressed"
232,PstI.TP1094695,Sobic.001G383900,37943088,Sobic.001G383900,Sobic.001G383900.1,Sobic.001G383900.1.p,PF10674,"PTHR35319:SF2,PTHR35319",,,,,AT5G58250.1,,,,,LOC_Os03g21370.1,NA,expressed protein
233,PstI.TP1098875,Sobic.004G339700,37933392,Sobic.004G339700,Sobic.004G339700.1,Sobic.004G339700.1.p,,"PTHR35492,PTHR35492:SF1",,,,,AT4G14310.1,,,,Transducin/WD40 repeat-like superfamily protein,LOC_Os02g56520.1,NA,expressed protein
234,PstI.TP1098875,Sobic.004G339600,37931661,Sobic.004G339600,Sobic.004G339600.1,Sobic.004G339600.1.p,PF11904,"PTHR12447,PTHR12447:SF8",,,,,AT3G04470.1,,,,Ankyrin repeat family protein,LOC_Os02g56530.1,NA,"ankyrin repeat domain containing protein, expressed"
235,PstI.TP1098875,Sobic.004G339800,37932013,Sobic.004G339800,Sobic.004G339800.2,Sobic.004G339800.2.p,"PF03105,PF03124","PTHR10783,PTHR10783:SF53",KOG1162,,,GO:0016021,AT3G23430.1,,,"ATPHO1,PHO1",phosphate 1,LOC_Os02g56510.1,NA,"phosphate transporter 1, putative, expressed"
238,PstI.TP1102210,Sobic.006G203400,37947882,Sobic.006G203400,Sobic.006G203400.1,Sobic.006G203400.1.p,"PF08880,PF08879","PTHR31602,PTHR31602:SF13",,,,"GO:0006355,GO:0005634,GO:0005524,GO:0032502,GO:0006351",AT3G13960.1,,,"AtGRF5,GRF5",growth-regulating factor 5,LOC_Os04g51190.2,NA,"growth-regulating factor, putative, expressed"
239,PstI.TP1102210,Sobic.006G203300,37947081,Sobic.006G203300,Sobic.006G203300.1,Sobic.006G203300.1.p,"PF12537,PF12430",PTHR15948,,,,GO:0016020,AT1G64990.1,,,GTG1,GPCR-type G protein 1,LOC_Os04g51180.1,NA,"GPR89A, putative, expressed"
240,PstI.TP110898,Sobic.010G104800,NA,NA,NA,NA,NA,NA,NA,NA,NA,NA,NA,,,NA,NA,NA,NA,NA
241,PstI.TP110898,Sobic.010G104900,NA,NA,NA,NA,NA,NA,NA,NA,NA,NA,NA,,,NA,NA,NA,NA,NA
245,PstI.TP110898,Sobic.010G105000,NA,NA,NA,NA,NA,NA,NA,NA,NA,NA,NA,,,NA,NA,NA,NA,NA
246,PstI.TP1151255,Sobic.001G503700,37937958,Sobic.001G503700,Sobic.001G503700.1,Sobic.001G503700.1.p,PF05055,"PTHR31113,PTHR31113:SF6",,,,,AT3G49070.1,,,,Protein of unknown function (DUF677),LOC_Os03g05440.1,NA,"DUF677 domain containing protein, putative, expressed"
248,PstI.TP1151255,Sobic.001G503500,37943895,Sobic.001G503500,Sobic.001G503500.1,Sobic.001G503500.1.p,PF00179,"PTHR24067,PTHR24067:SF141",KOG0416,6.3.2.19,K10576,,AT1G63800.1,,,UBC5,ubiquitin-conjugating enzyme 5,LOC_Os10g31000.1,NA,"ubiquitin-conjugating enzyme, putative, expressed"
249,PstI.TP1151255,Sobic.001G503600,37937350,Sobic.001G503600,Sobic.001G503600.2,Sobic.001G503600.2.p,,"PTHR36357,PTHR36357:SF1",,,,,AT2G46000.1,,,,,LOC_Os03g05450.1,NA,expressed protein
250,PstI.TP1151255,Sobic.001G503900,37939265,Sobic.001G503900,Sobic.001G503900.1,Sobic.001G503900.1.p,PF05063,"PTHR13107,PTHR13107:SF0",KOG2097,2.1.1.62,,"GO:0008168,GO:0006139",AT4G09980.1,,,EMB1691,Methyltransferase MT-A70 family protein,LOC_Os01g16180.2,NA,"MT-A70 domain containing protein, expressed"
251,PstI.TP1151255,Sobic.001G503801,37943037,Sobic.001G503801,Sobic.001G503801.1,Sobic.001G503801.1.p,,,,,,,AT3G08980.1,,,,Peptidase S24/S26A/S26B/S26C family protein,LOC_Os03g05430.1,NA,"peptidase, putative, expressed"
252,PstI.TP1164091,Sobic.006G215050,37947205,Sobic.006G215050,Sobic.006G215050.1,Sobic.006G215050.1.p,"PF04434,PF10551,PF03101","PTHR31669,PTHR31669:SF56",,,,"GO:0008270,GO:0006355",AT4G38180.1,,,FRS5,FAR1-related sequence 5,LOC_Os04g52560.1,NA,"transposon protein, putative, unclassified, expressed"
253,PstI.TP1164091,Sobic.006G215100,37947040,Sobic.006G215100,Sobic.006G215100.1,Sobic.006G215100.1.p,,"PTHR31218,PTHR31218:SF32",,,,"GO:0022857,GO:0016021",AT1G56080.1,,,,,LOC_Os04g52570.1,NA,expressed protein
254,PstI.TP1164091,Sobic.006G215000,37947707,Sobic.006G215000,Sobic.006G215000.1,Sobic.006G215000.1.p,"PF16488,PF08699,PF16486,PF02170,PF02171","PTHR22891,PTHR22891:SF4",,,K11593,"GO:0005515,GO:0003676",AT1G31280.1,,,AGO2,Argonaute family protein,LOC_Os04g52540.1,NA,"retrotransposon protein, putative, unclassified, expressed"
255,PstI.TP117081,Sobic.002G153700,37954302,Sobic.002G153700,Sobic.002G153700.2,Sobic.002G153700.2.p,PF08638,"PTHR12809:SF3,PTHR12809",,,K15156,"GO:0001104,GO:0006357,GO:0016592",AT3G04740.1,,,"ATMED14,MED14,SWP",RNA polymerase II transcription mediators,LOC_Os09g10960.1,NA,"SWP, putative, expressed"
257,PstI.TP1172225,Sobic.006G021900,37947978,Sobic.006G021900,Sobic.006G021900.1,Sobic.006G021900.1.p,"PF00005,PF00664","PTHR24223,PTHR24223:SF230",,3.6.3.44,K05665,"GO:0016887,GO:0005524,GO:0055085,GO:0042626,GO:0016021,GO:0006810",AT2G47800.1,,,"ATMRP4,EST3,MRP4",multidrug resistance-associated protein 4,LOC_Os04g13220.1,NA,"ABC transporter family protein, putative, expressed"
259,PstI.TP1172225,Sobic.006G022000,37948019,Sobic.006G022000,Sobic.006G022000.2,Sobic.006G022000.2.p,PF02362,"PTHR31674,PTHR31674:SF4",,,,GO:0003677,AT4G00260.1,,,MEE45,Transcriptional factor B3 family protein,LOC_Os04g27960.1,NA,"B3 DNA binding domain containing protein, expressed"
263,PstI.TP1200270,Sobic.002G111000,37953260,Sobic.002G111000,Sobic.002G111000.1,Sobic.002G111000.1.p,PF01546,"PTHR12147,PTHR12147:SF22",KOG2194,,,"GO:0016787,GO:0008152",AT1G67420.1,,,,Zn-dependent exopeptidases superfamily protein,LOC_Os07g19530.1,NA,"peptidase, putative, expressed"
264,PstI.TP1200270,Sobic.002G110800,37951664,Sobic.002G110800,Sobic.002G110800.1,Sobic.002G110800.1.p,PF00153,"PTHR24089,PTHR24089:SF306",KOG0768,,K15111,,AT4G39460.2,,,"SAMC1,SAMT1",S-adenosylmethionine carrier 1,LOC_Os07g19460.1,NA,"mitochondrial carrier protein, putative, expressed"
265,PstI.TP1220022,Sobic.005G126800,37925864,Sobic.005G126800,Sobic.005G126800.1,Sobic.005G126800.1.p,PF00155,"PTHR13693,PTHR13693:SF62",,2.3.1.50,K00654,"GO:0030170,GO:0009058",AT5G23670.1,,,LCB2,long chain base2,LOC_Os11g31640.1,NA,"serine palmitoyltransferase 2, putative, expressed"
266,PstI.TP1220022,Sobic.005G126701,37925036,Sobic.005G126701,Sobic.005G126701.1,Sobic.005G126701.1.p,PF00155,"PTHR13693,PTHR13693:SF62",,2.3.1.50,,"GO:0030170,GO:0009058",AT5G23670.1,,,LCB2,long chain base2,LOC_Os11g31640.1,NA,"serine palmitoyltransferase 2, putative, expressed"
267,PstI.TP1220022,Sobic.005G126900,37925491,Sobic.005G126900,Sobic.005G126900.1,Sobic.005G126900.1.p,,,,,,,,,,,,,NA,
268,PstI.TP1227790,Sobic.009G132650,NA,NA,NA,NA,NA,NA,NA,NA,NA,NA,NA,,,NA,NA,NA,NA,NA
269,PstI.TP1227790,Sobic.009G132600,NA,NA,NA,NA,NA,NA,NA,NA,NA,NA,NA,,,NA,NA,NA,NA,NA
270,PstI.TP1227790,Sobic.009G132700,NA,NA,NA,NA,NA,NA,NA,NA,NA,NA,NA,,,NA,NA,NA,NA,NA
271,PstI.TP124945,Sobic.005G113300,37925340,Sobic.005G113300,Sobic.005G113300.1,Sobic.005G113300.1.p,PF00464,"PTHR11680,PTHR11680:SF11",,2.1.2.1,K00600,GO:0016740,AT4G13930.1,,,SHM4,serine hydroxymethyltransferase 4,LOC_Os12g22030.1,NA,"serine hydroxymethyltransferase, mitochondrial precursor, putative, expressed"
273,PstI.TP1257104,Sobic.003G031700,37918617,Sobic.003G031700,Sobic.003G031700.1,Sobic.003G031700.1.p,PF07714,"PTHR27001,PTHR27001:SF141",KOG1187,2.7.11.1,,"GO:0006468,GO:0004672",AT5G56890.1,,,,Protein kinase superfamily protein,LOC_Os01g09860.1,NA,"retrotransposon protein, putative, unclassified, expressed"
274,PstI.TP1257104,Sobic.003G031750,37917015,Sobic.003G031750,Sobic.003G031750.1,Sobic.003G031750.1.p,,"PTHR32212,PTHR32212:SF87",,,,,AT2G39415.1,,,,F-box family protein,LOC_Os07g12560.1,NA,"OsFBX224 - F-box domain containing protein, expressed"
278,PstI.TP141051,Sobic.003G212600,37913392,Sobic.003G212600,Sobic.003G212600.3,Sobic.003G212600.3.p,PF00179,"PTHR24067,PTHR24067:SF59",,6.3.2.19,,,AT3G24515.1,,,UBC37,ubiquitin-conjugating enzyme 37,LOC_Os01g42040.1,NA,"ubiquitin-conjugating enzyme, putative, expressed"
279,PstI.TP141051,Sobic.003G212900,37918336,Sobic.003G212900,Sobic.003G212900.1,Sobic.003G212900.1.p,PF07967,"PTHR15835,PTHR15835:SF2",KOG4765,,,"GO:0008270,GO:0005634",AT1G48950.1,,,,C3HC zinc finger-like ,LOC_Os01g42080.1,NA,"zinc ion binding protein, putative, expressed"
280,PstI.TP141051,Sobic.003G212800,37912966,Sobic.003G212800,Sobic.003G212800.1,Sobic.003G212800.1.p,PF00225,"PTHR24115,PTHR24115:SF372",KOG0242,3.6.4.4,K10401,"GO:0008017,GO:0007018,GO:0005524,GO:0003777,GO:0005871",AT1G18550.1,,,,ATP binding microtubule motor family protein,LOC_Os01g42070.1,NA,"kinesin motor domain containing protein, putative, expressed"
282,PstI.TP141051,Sobic.003G212700,37913139,Sobic.003G212700,Sobic.003G212700.1,Sobic.003G212700.1.p,,PTHR37253,,,,,AT5G16020.1,,,GEX3,gamete-expressed 3,LOC_Os01g42060.1,NA,expressed protein
284,PstI.TP166492,Sobic.006G014700,37945557,Sobic.006G014700,Sobic.006G014700.1,Sobic.006G014700.1.p,"PF00107,PF08240","PTHR11695,PTHR11695:SF556",KOG0023,,K00083,"GO:0055114,GO:0016491,GO:0008270",AT4G39330.1,,,"ATCAD9,CAD9",cinnamyl alcohol dehydrogenase 9,LOC_Os04g15920.1,NA,"dehydrogenase, putative, expressed"
285,PstI.TP166492,Sobic.006G014800,37947217,Sobic.006G014800,Sobic.006G014800.1,Sobic.006G014800.1.p,"PF09818,PF00005,PF00664","PTHR24221,PTHR24221:SF265",,3.6.3.44,K05658,"GO:0016887,GO:0005524,GO:0055085,GO:0042626,GO:0016021,GO:0006810",AT3G28860.1,,,"ABCB19,ATABCB19,ATMDR1,ATMDR11,ATPGP19,MDR1,MDR11,PGP19",ATP binding cassette subfamily B19,LOC_Os03g08380.1,NA,"ABC transporter, ATP-binding protein, putative, expressed"
286,PstI.TP181967,Sobic.002G243100,37951163,Sobic.002G243100,Sobic.002G243100.1,Sobic.002G243100.1.p,PF10714,"PTHR33922,PTHR33922:SF4",,,,,AT2G33690.1,,,,"Late embryogenesis abundant protein, group 6",LOC_Os09g30438.2,NA,expressed protein
287,PstI.TP181967,Sobic.002G243200,37954339,Sobic.002G243200,Sobic.002G243200.1,Sobic.002G243200.1.p,"PF02518,PF00183","PTHR11528,PTHR11528:SF49",,,K04079,"GO:0051082,GO:0006950,GO:0006457,GO:0005524",AT5G56000.1,,,"AtHsp90.4,Hsp81.4",HEAT SHOCK PROTEIN 81.4,LOC_Os09g30412.1,NA,"heat shock protein, putative, expressed"
288,PstI.TP181967,Sobic.002G243000,37950559,Sobic.002G243000,Sobic.002G243000.1,Sobic.002G243000.1.p,PF00026,"PTHR13683,PTHR13683:SF378",KOG1339,3.4.23.12,,"GO:0006508,GO:0004190",AT5G10770.1,,,,Eukaryotic aspartyl protease family protein,LOC_Os09g30414.1,NA,"aspartic proteinase nepenthesin-2 precursor, putative, expressed"
289,PstI.TP198015,Sobic.003G361300,37916072,Sobic.003G361300,Sobic.003G361300.1,Sobic.003G361300.1.p,PF01490,"PTHR22950,PTHR22950:SF256",KOG1303,,K13946,,AT2G38120.1,,,"AUX1,MAP1,PIR1,WAV5",Transmembrane amino acid transporter family protein,LOC_Os01g63770.1,NA,"transmembrane amino acid transporter protein, putative, expressed"
290,PstI.TP198015,Sobic.003G361400,37914459,Sobic.003G361400,Sobic.003G361400.1,Sobic.003G361400.1.p,PF05064,"PTHR12084:SF0,PTHR12084",KOG2196,,K14306,"GO:0005643,GO:0017056",,,,,,LOC_Os01g63780.1,NA,"nsp1-like C-terminal region family protein, expressed"
292,PstI.TP234382,Sobic.001G393200,37944955,Sobic.001G393200,Sobic.001G393200.1,Sobic.001G393200.1.p,,"PTHR33124,PTHR33124:SF12",,,,,AT3G17100.1,,,,sequence-specific DNA binding transcription factors,LOC_Os03g19780.1,NA,expressed protein
293,PstI.TP234382,Sobic.001G393300,37941417,Sobic.001G393300,Sobic.001G393300.1,Sobic.001G393300.1.p,"PF13905,PF13419,PF01436","PTHR13833,PTHR13833:SF49",KOG2914,,,GO:0005515,AT1G56500.1,,,,haloacid dehalogenase-like hydrolase family protein,LOC_Os03g19760.1,NA,"HAD-superfamily hydrolase, subfamily IA, variant 3 containing protein, expressed"
295,PstI.TP268085,Sobic.002G256700,37951661,Sobic.002G256700,Sobic.002G256700.1,Sobic.002G256700.1.p,"PF02148,PF13423","PTHR24006,PTHR24006:SF345",KOG1873,3.4.19.12,K11844,GO:0008270,AT1G04860.1,,,"ATUBP2,UBP2",ubiquitin-specific protease 2,LOC_Os09g32740.1,NA,"ubiquitin carboxyl-terminal hydrolase family protein, expressed"
296,PstI.TP268085,Sobic.002G256601,37949755,Sobic.002G256601,Sobic.002G256601.1,Sobic.002G256601.1.p,PF13920,"PTHR12183,PTHR12183:SF17",KOG4172,,,,AT3G25030.1,,,,RING/U-box superfamily protein,LOC_Os09g32730.1,NA,"zinc finger, C3HC4 type domain containing protein, expressed"
297,PstI.TP268085,Sobic.002G256800,37950676,Sobic.002G256800,Sobic.002G256800.2,Sobic.002G256800.2.p,PF01643,"PTHR31727,PTHR31727:SF6",,3.1.2.14,K10782,"GO:0016790,GO:0006633",AT3G25110.1,,,"AtFaTA,FaTA",fatA acyl-ACP thioesterase,LOC_Os09g32760.1,NA,"acyl-ACP thioesterase, putative, expressed"
298,PstI.TP282657,Sobic.010G239600,NA,NA,NA,NA,NA,NA,NA,NA,NA,NA,NA,,,NA,NA,NA,NA,NA
299,PstI.TP282657,Sobic.010G239700,NA,NA,NA,NA,NA,NA,NA,NA,NA,NA,NA,,,NA,NA,NA,NA,NA
303,PstI.TP288641,Sobic.001G251400,37944108,Sobic.001G251400,Sobic.001G251400.6,Sobic.001G251400.6.p,,,,,,,AT1G10417.1,,,,,LOC_Os10g27180.1,NA,expressed protein
309,PstI.TP288641,Sobic.001G251200,37940443,Sobic.001G251200,Sobic.001G251200.1,Sobic.001G251200.1.p,"PF00122,PF12710,PF16209,PF16212","PTHR24092,PTHR24092:SF85",,3.6.3.1,K14802,"GO:0046872,GO:0000166,GO:0016021,GO:0015914,GO:0005524,GO:0004012,GO:0000287",AT1G59820.1,,,ALA3,aminophospholipid ATPase 3,LOC_Os05g01030.1,NA,"phospholipid-transporting ATPase, putative, expressed"
310,PstI.TP288641,Sobic.001G251500,37938515,Sobic.001G251500,Sobic.001G251500.1,Sobic.001G251500.1.p,,"PTHR31250,PTHR31250:SF11",,,,,AT3G58480.1,,,,calmodulin-binding family protein,LOC_Os10g27170.1,NA,"calmodulin-binding protein, putative, expressed"
311,PstI.TP288641,Sobic.001G251300,37942712,Sobic.001G251300,Sobic.001G251300.1,Sobic.001G251300.1.p,PF02458,"PTHR31896,PTHR31896:SF8",,,,GO:0016747,AT5G42830.1,,,,HXXXD-type acyl-transferase family protein,LOC_Os07g04970.1,NA,"transferase family protein, putative, expressed"
312,PstI.TP288641,Sobic.001G251600,37938540,Sobic.001G251600,Sobic.001G251600.6,Sobic.001G251600.6.p,,"PTHR12197,PTHR12197:SF145",,2.1.1.43,,,AT5G06620.1,,,"ATXR4,SDG38",SET domain protein 38,LOC_Os10g27060.2,NA,"SET domain protein 123, putative, expressed"
318,PstI.TP298201,Sobic.006G009200,37948781,Sobic.006G009200,Sobic.006G009200.1,Sobic.006G009200.1.p,,"PTHR33115,PTHR33115:SF2",,,,,AT5G18980.1,,,,ARM repeat superfamily protein,LOC_Os01g34010.1,NA,expressed protein
319,PstI.TP298201,Sobic.006G009100,37945341,Sobic.006G009100,Sobic.006G009100.1,Sobic.006G009100.1.p,PF07676,"PTHR32161,PTHR32161:SF6",,,,,AT1G21680.1,,,,DPP6 N-terminal domain-like protein,LOC_Os03g28980.1,NA,"WD40-like Beta Propeller Repeat family protein, expressed"
320,PstI.TP312639,Sobic.002G040550,37949721,Sobic.002G040550,Sobic.002G040550.2,Sobic.002G040550.2.p,,,,,,,,,,,,,NA,
321,PstI.TP312639,Sobic.002G040400,37954787,Sobic.002G040400,Sobic.002G040400.1,Sobic.002G040400.1.p,PF00067,"PTHR24298,PTHR24298:SF139",KOG0156,1.14.13.21,,"GO:0055114,GO:0020037,GO:0016705,GO:0005506",AT5G07990.1,,,"CYP75B1,D501,TT7",Cytochrome P450 superfamily protein,LOC_Os03g44740.1,NA,"cytochrome P450, putative, expressed"
323,PstI.TP312639,Sobic.002G040500,37952867,Sobic.002G040500,Sobic.002G040500.1,Sobic.002G040500.1.p,PF00067,"PTHR24298,PTHR24298:SF139",KOG0156,1.14.13.21,,"GO:0055114,GO:0020037,GO:0016705,GO:0005506",AT5G07990.1,,,"CYP75B1,D501,TT7",Cytochrome P450 superfamily protein,LOC_Os03g44740.1,NA,"cytochrome P450, putative, expressed"
324,PstI.TP312639,Sobic.002G040600,37954560,Sobic.002G040600,Sobic.002G040600.1,Sobic.002G040600.1.p,PF13639,"PTHR22763,PTHR22763:SF45",KOG1493,6.3.2.19,K19043,"GO:0008270,GO:0005515",AT5G22000.2,,,RHF2A,RING-H2 group F2A,LOC_Os03g57500.1,NA,"zinc finger, C3HC4 type domain containing protein, expressed"
325,PstI.TP33096,Sobic.006G018701,37946129,Sobic.006G018701,Sobic.006G018701.1,Sobic.006G018701.1.p,,"PTHR11260,PTHR11260:SF248",,2.5.1.18,,,AT3G47680.1,,,,DNA binding,LOC_Os06g42890.1,NA,"DNA binding protein, putative, expressed"
326,PstI.TP33096,Sobic.006G018800,37946635,Sobic.006G018800,Sobic.006G018800.1,Sobic.006G018800.1.p,"PF01590,PF00072","PTHR24423,PTHR24423:SF530",KOG0519,2.7.11.1,K14509,"GO:0005515,GO:0000160",AT3G04580.1,,,EIN4,"Signal transduction histidine kinase, hybrid-type, ethylene sensor",LOC_Os04g08740.2,NA,"ethylene receptor, putative, expressed"
327,PstI.TP33096,Sobic.006G018751,37945790,Sobic.006G018751,Sobic.006G018751.1,Sobic.006G018751.1.p,,,,,,,,,,,,,NA,
330,PstI.TP349355,Sobic.004G167200,37930956,Sobic.004G167200,Sobic.004G167200.1,Sobic.004G167200.1.p,PF06258,"PTHR33986,PTHR33986:SF4",,,,,AT5G22350.1,,,ELM1,Protein of unknown function (DUF1022),LOC_Os02g33230.1,NA,"nucleoside-diphosphate-sugar epimerase, putative, expressed"
331,PstI.TP349355,Sobic.004G167300,37930011,Sobic.004G167300,Sobic.004G167300.1,Sobic.004G167300.1.p,,"PTHR33736,PTHR33736:SF4",,,,,AT2G36090.1,,,,F-box family protein,LOC_Os02g33240.1,NA,"OsFBX51 - F-box domain containing protein, expressed"
333,PstI.TP383939,Sobic.002G185000,37954231,Sobic.002G185000,Sobic.002G185000.1,Sobic.002G185000.1.p,PF01428,"PTHR14677,PTHR14677:SF2",,,,GO:0008270,AT3G28210.1,,,"PMZ,SAP12",zinc finger (AN1-like) family protein,LOC_Os09g21710.1,NA,"AN1-like zinc finger domain containing protein, expressed"
334,PstI.TP383939,Sobic.002G184800,37949814,Sobic.002G184800,Sobic.002G184800.1,Sobic.002G184800.1.p,,"PTHR33448,PTHR33448:SF3",,,,,AT1G78110.1,,,,,LOC_Os09g20420.1,NA,expressed protein
335,PstI.TP383939,Sobic.002G184900,37951643,Sobic.002G184900,Sobic.002G184900.1,Sobic.002G184900.1.p,PF02630,"PTHR12151,PTHR12151:SF1",KOG2792,,K07152,,AT4G39740.1,,,,Thioredoxin superfamily protein,LOC_Os09g20430.1,NA,"SCO1 protein homolog, mitochondrial precursor, putative, expressed"
336,PstI.TP383939,Sobic.002G185100,37953377,Sobic.002G185100,Sobic.002G185100.2,Sobic.002G185100.2.p,"PF13534,PF13085","PTHR11921,PTHR11921:SF23",KOG3049,1.3.5.1,K00235,"GO:0051536,GO:0009055",AT5G65165.1,,,SDH2-3,succinate dehydrogenase 2-3,LOC_Os09g20440.1,NA,"succinate dehydrogenase and fumarate reductase iron-sulfur protein, expressed"
337,PstI.TP392482,Sobic.001G195932,37942490,Sobic.001G195932,Sobic.001G195932.1,Sobic.001G195932.1.p,,,,,,,,,,,,,NA,
338,PstI.TP392482,Sobic.001G196000,37940312,Sobic.001G196000,Sobic.001G196000.1,Sobic.001G196000.1.p,"PF13920,PF00225","PTHR24115,PTHR24115:SF386",KOG0242,3.6.4.4,K11498,"GO:0008017,GO:0007018,GO:0005524,GO:0003777,GO:0005871",AT4G39050.1,,,,Kinesin motor family protein,LOC_Os10g36880.1,NA,"kinesin motor domain containing protein, putative, expressed"
345,PstI.TP404885,Sobic.006G151001,37948409,Sobic.006G151001,Sobic.006G151001.1,Sobic.006G151001.1.p,PF05757,"PTHR33399,PTHR33399:SF4",,,,"GO:0019898,GO:0015979,GO:0009654,GO:0009523,GO:0005509",AT3G01440.1,,,"PQL1,PQL2",PsbQ-like 1,LOC_Os04g44190.1,NA,expressed protein
346,PstI.TP404885,Sobic.006G151100,37948907,Sobic.006G151100,Sobic.006G151100.1,Sobic.006G151100.1.p,PF05757,"PTHR33399,PTHR33399:SF6",,,,"GO:0019898,GO:0015979,GO:0009654,GO:0009523,GO:0005509",AT2G01918.1,,,PQL3,PsbQ-like 3,LOC_Os04g44200.1,NA,"oxygen-evolving enhancer protein 3, chloroplast precursor, putative, expressed"
347,PstI.TP404885,Sobic.006G151200,37948119,Sobic.006G151200,Sobic.006G151200.1,Sobic.006G151200.1.p,PF12579,"PTHR14000,PTHR14000:SF7",,,,,AT1G60670.2,,,,Protein of unknown function (DUF3755),LOC_Os04g44210.1,NA,expressed protein
348,PstI.TP410505,Sobic.003G366400,37918164,Sobic.003G366400,Sobic.003G366400.1,Sobic.003G366400.1.p,PF01014,"PTHR10395,PTHR10395:SF13",KOG1599,1.7.3.3,K00365,,AT2G26230.1,,,,"uricase / urate oxidase / nodulin 35, putative",LOC_Os01g64520.1,NA,"uricase, putative, expressed"
349,PstI.TP410505,Sobic.003G366500,37915902,Sobic.003G366500,Sobic.003G366500.1,Sobic.003G366500.1.p,PF04051,"PTHR20902,PTHR20902:SF0",KOG3315,,,,AT5G58030.1,,,,Transport protein particle (TRAPP) component,LOC_Os01g51220.1,NA,"transport protein particle component, Bet3, domain containing protein, expressed"
350,PstI.TP410505,Sobic.003G366600,37914338,Sobic.003G366600,Sobic.003G366600.1,Sobic.003G366600.1.p,"PF13579,PF00201","PTHR11926,PTHR11926:SF360",,2.4.1.273,,"GO:0016758,GO:0008152",AT5G49690.1,,,,UDP-Glycosyltransferase superfamily protein,LOC_Os01g64540.1,NA,"anthocyanidin 3-O-glucosyltransferase, putative, expressed"
352,PstI.TP419219,Sobic.009G017666,37920575,Sobic.009G017666,Sobic.009G017666.1,Sobic.009G017666.1.p,,,,,,,,,,,,,NA,
353,PstI.TP419219,Sobic.009G017732,37921634,Sobic.009G017732,Sobic.009G017732.1,Sobic.009G017732.1.p,PF13417,"PTHR11260,PTHR11260:SF171",KOG1422,1.8.5.1,,GO:0005515,AT1G75270.1,,,DHAR2,dehydroascorbate reductase 2,LOC_Os05g02530.1,NA,"glutathione S-transferase, N-terminal domain containing protein, expressed"
354,PstI.TP419219,Sobic.009G018000,37921039,Sobic.009G018000,Sobic.009G018000.1,Sobic.009G018000.1.p,"PF14383,PF14309,PF12552","PTHR21726,PTHR21726:SF41",,,,,AT3G53540.1,,,,,LOC_Os05g02580.1,NA,expressed protein
355,PstI.TP419219,Sobic.009G017800,37920429,Sobic.009G017800,Sobic.009G017800.2,Sobic.009G017800.2.p,"PF13410,PF13417","PTHR11260,PTHR11260:SF171",KOG1422,1.8.5.1,,GO:0005515,AT1G75270.1,,,DHAR2,dehydroascorbate reductase 2,LOC_Os05g02530.1,NA,"glutathione S-transferase, N-terminal domain containing protein, expressed"
356,PstI.TP419801,Sobic.008G012600,37926974,Sobic.008G012600,Sobic.008G012600.1,Sobic.008G012600.1.p,"PF00651,PF11900","PTHR24413,PTHR24413:SF113",,,K14508,GO:0005515,AT2G41370.1,,,BOP2,Ankyrin repeat family protein / BTB/POZ domain-containing protein,LOC_Os12g04410.1,NA,"BTBA6 - Bric-a-Brac,Tramtrack, Broad Complex BTB domain with Ankyrin repeat region, expressed"
357,PstI.TP419801,Sobic.008G012700,37928071,Sobic.008G012700,Sobic.008G012700.1,Sobic.008G012700.1.p,PF03514,"PTHR31636:SF21,PTHR31636",,,,,AT1G50420.1,,,"SCL-3,SCL3",scarecrow-like 3,LOC_Os12g04370.1,NA,"GRAS family transcription factor containing protein, expressed"
358,PstI.TP425356,Sobic.001G005900,37940639,Sobic.001G005900,Sobic.001G005900.1,Sobic.001G005900.1.p,PF01217,"PTHR11043,PTHR11043:SF9",,,,,AT1G15370.1,,,,SNARE-like superfamily protein,LOC_Os03g63910.1,NA,"PPR repeat domain containing protein, putative, expressed"
359,PstI.TP425356,Sobic.001G006000,37939729,Sobic.001G006000,Sobic.001G006000.1,Sobic.001G006000.1.p,"PF13812,PF01535,PF13041","PTHR24015,PTHR24015:SF357",,,,,AT5G46580.1,,,,pentatricopeptide (PPR) repeat-containing protein,LOC_Os03g63910.1,NA,"PPR repeat domain containing protein, putative, expressed"
360,PstI.TP425356,Sobic.001G006201,37942027,Sobic.001G006201,Sobic.001G006201.1,Sobic.001G006201.1.p,"PF03171,PF14226","PTHR10209,PTHR10209:SF178",KOG0143,4.2.1.78,,"GO:0055114,GO:0016491",AT4G25300.1,,,,2-oxoglutarate (2OG) and Fe(II)-dependent oxygenase superfamily protein,LOC_Os03g63900.1,NA,"1-aminocyclopropane-1-carboxylate oxidase 2, putative, expressed"
361,PstI.TP425356,Sobic.001G006300,37944433,Sobic.001G006300,Sobic.001G006300.1,Sobic.001G006300.1.p,,,,,,,AT5G05790.1,,,,Duplicated homeodomain-like superfamily protein,LOC_Os03g63890.1,NA,"MYB family transcription factor, putative, expressed"
362,PstI.TP425356,Sobic.001G006101,37940434,Sobic.001G006101,Sobic.001G006101.1,Sobic.001G006101.1.p,"PF03171,PF14226","PTHR10209,PTHR10209:SF178",KOG0143,4.2.1.78,,"GO:0055114,GO:0016491",AT1G17020.1,,,"ATSRG1,SRG1",senescence-related gene 1,LOC_Os03g63900.1,NA,"1-aminocyclopropane-1-carboxylate oxidase 2, putative, expressed"
364,PstI.TP459121,Sobic.001G514300,37944720,Sobic.001G514300,Sobic.001G514300.3,Sobic.001G514300.3.p,"PF13417,PF00043","PTHR11260,PTHR11260:SF209",KOG0867,2.5.1.18,K00799,GO:0005515,AT2G47730.1,,,"ATGSTF5,ATGSTF8,GST6,GSTF8",glutathione S-transferase phi 8,LOC_Os03g04240.1,NA,"glutathione S-transferase, putative, expressed"
366,PstI.TP459121,Sobic.001G514400,37940374,Sobic.001G514400,Sobic.001G514400.1,Sobic.001G514400.1.p,"PF02798,PF00043","PTHR11260,PTHR11260:SF287",KOG0867,2.5.1.18,K00799,GO:0005515,AT3G03190.1,,,"ATGSTF11,ATGSTF6,GSTF11",glutathione S-transferase F11,LOC_Os03g04220.1,NA,"glutathione S-transferase, putative, expressed"
367,PstI.TP459121,Sobic.001G514500,37944646,Sobic.001G514500,Sobic.001G514500.7,Sobic.001G514500.7.p,PF00612,"PTHR10699,PTHR10699:SF11",,,,GO:0005515,AT3G51380.1,,,IQD20,IQ-domain 20,LOC_Os03g04210.1,NA,"IQ calmodulin-binding motif family protein, putative, expressed"
377,PstI.TP476886,Sobic.002G175400,37954932,Sobic.002G175400,Sobic.002G175400.1,Sobic.002G175400.1.p,"PF00173,PF00487","PTHR19353,PTHR19353:SF20",KOG4232,1.14.19.3,K13076,GO:0006629,AT2G46210.1,,,,Fatty acid/sphingolipid desaturase,LOC_Os09g16920.1,NA,"desaturase/cytochrome b5 protein, putative, expressed"
378,PstI.TP476886,Sobic.002G175500,37951110,Sobic.002G175500,Sobic.002G175500.1,Sobic.002G175500.1.p,PF00450,"PTHR11802,PTHR11802:SF47",KOG1282,,K16296,"GO:0006508,GO:0004185",AT3G12203.1,,,scpl17,serine carboxypeptidase-like 17,LOC_Os10g01110.1,NA,"OsSCP44 - Putative Serine Carboxypeptidase homologue, expressed"
379,PstI.TP476886,Sobic.002G175200,37953863,Sobic.002G175200,Sobic.002G175200.1,Sobic.002G175200.1.p,PF00651,"PTHR24413,PTHR24413:SF136",,,K10523,GO:0005515,AT5G19000.1,,,"ATBPM1,BPM1",BTB-POZ and MATH domain 1,LOC_Os09g16870.1,NA,"A3-BTB2 - Bric-a-Brac, Tramtrack, Broad Complex BTB domain with A3 subfamily conserved sequence, expressed"
380,PstI.TP476886,Sobic.002G175300,37952831,Sobic.002G175300,Sobic.002G175300.1,Sobic.002G175300.1.p,PF00651,"PTHR24413,PTHR24413:SF136",,,K10523,GO:0005515,AT2G39760.1,,,"ATBPM3,BPM3",BTB/POZ/MATH-domains containing protein,LOC_Os09g16870.1,NA,"A3-BTB2 - Bric-a-Brac, Tramtrack, Broad Complex BTB domain with A3 subfamily conserved sequence, expressed"
381,PstI.TP483920,Sobic.002G346700,37949958,Sobic.002G346700,Sobic.002G346700.1,Sobic.002G346700.1.p,,"PTHR22835,PTHR22835:SF175",,3.1.1.49,,,AT5G03610.1,,,,GDSL-like Lipase/Acylhydrolase superfamily protein,LOC_Os04g55660.1,NA,"GDSL-like lipase/acylhydrolase, putative, expressed"
382,PstI.TP483920,Sobic.002G346501,37953189,Sobic.002G346501,Sobic.002G346501.1,Sobic.002G346501.1.p,,,,,,,,,,,,,NA,
383,PstI.TP483920,Sobic.002G346600,37953805,Sobic.002G346600,Sobic.002G346600.3,Sobic.002G346600.3.p,PF07690,"PTHR24064,PTHR24064:SF256",KOG0253,,,"GO:0055085,GO:0016021",AT3G13050.1,,,,Major facilitator superfamily protein,LOC_Os07g38400.1,NA,"transporter family protein, putative, expressed"
384,PstI.TP483920,Sobic.002G346400,37955384,Sobic.002G346400,Sobic.002G346400.1,Sobic.002G346400.1.p,PF09335,"PTHR10281,PTHR10281:SF44",KOG1109,,,,AT4G14950.1,,,,SNARE associated Golgi protein family,LOC_Os07g38380.1,NA,"transmembrane protein 49, putative, expressed"
385,PstI.TP49139,Sobic.001G541601,37942263,Sobic.001G541601,Sobic.001G541601.1,Sobic.001G541601.1.p,PF03016,"PTHR11062,PTHR11062:SF58",,,,,AT4G22580.1,,,,Exostosin family protein,LOC_Os10g40559.1,NA,"exostosin family domain containing protein, expressed"
386,PstI.TP49139,Sobic.001G541700,37938615,Sobic.001G541700,Sobic.001G541700.1,Sobic.001G541700.1.p,PF00743,"PTHR23023,PTHR23023:SF94",KOG1399,,,"GO:0055114,GO:0050661,GO:0050660,GO:0004499",AT1G62600.1,,,,Flavin-binding monooxygenase family protein,LOC_Os10g40570.1,NA,"flavin-containing monooxygenase family protein, putative, expressed"
387,PstI.TP49139,Sobic.001G541500,37944193,Sobic.001G541500,Sobic.001G541500.1,Sobic.001G541500.1.p,,"PTHR37195,PTHR37195:SF1",,,,,AT1G47970.1,,,,,LOC_Os01g22990.1,NA,"acidic leucine-rich nuclear phosphoprotein 32-related protein 1, putative, expressed"
388,PstI.TP53152,Sobic.006G219500,37945367,Sobic.006G219500,Sobic.006G219500.1,Sobic.006G219500.1.p,PF03763,"PTHR31471,PTHR31471:SF12",,,,,AT1G30320.1,,,,Remorin family protein,LOC_Os04g52920.1,NA,"remorin family protein, putative, expressed"
389,PstI.TP53152,Sobic.006G219600,37946592,Sobic.006G219600,Sobic.006G219600.3,Sobic.006G219600.3.p,PF04499,"PTHR12634,PTHR12634:SF16",KOG2073,,K15501,,AT1G30470.1,,,,SIT4 phosphatase-associated family protein,LOC_Os04g52940.1,NA,"SIT4 phosphatase-associated protein domain containing protein, expressed"
394,PstI.TP532325,Sobic.005G104600,37922807,Sobic.005G104600,Sobic.005G104600.1,Sobic.005G104600.1.p,PF00743,"PTHR23023,PTHR23023:SF121",KOG1399,1.14.13.168,K11816,"GO:0055114,GO:0050661,GO:0050660,GO:0004499",AT1G48910.1,,,YUC10,Flavin-containing monooxygenase family protein,LOC_Os11g10170.1,NA,"flavin monooxygenase, putative, expressed"
395,PstI.TP57213,Sobic.001G305900,37939996,Sobic.001G305900,Sobic.001G305900.1,Sobic.001G305900.1.p,"PF01926,PF11886","PTHR10903,PTHR10903:SF47",,3.6.5.2,,GO:0005525,AT2G16640.1,,,"ATTOC132,TOC132",multimeric translocon complex in the outer envelope membrane 132,LOC_Os10g40110.1,NA,"GTP binding protein, putative, expressed"
396,PstI.TP57213,Sobic.001G306000,37937565,Sobic.001G306000,Sobic.001G306000.3,Sobic.001G306000.3.p,"PF04564,PF00069","PTHR27003,PTHR27003:SF52",KOG1187,2.7.11.1,,"GO:0016567,GO:0004842,GO:0006468,GO:0005524,GO:0004672",AT2G45910.1,,,,U-box domain-containing protein kinase family protein,LOC_Os10g40100.1,NA,"protein kinase, putative, expressed"
399,PstI.TP57213,Sobic.001G306101,37941671,Sobic.001G306101,Sobic.001G306101.1,Sobic.001G306101.1.p,,"PTHR27003,PTHR27003:SF31",,2.7.11.1,,,AT2G45910.1,,,,U-box domain-containing protein kinase family protein,LOC_Os10g40100.1,NA,"protein kinase, putative, expressed"
401,PstI.TP642933,Sobic.006G225300,37946803,Sobic.006G225300,Sobic.006G225300.2,Sobic.006G225300.2.p,,"PTHR34126,PTHR34126:SF1",,,,,AT3G21865.1,,,PEX22,peroxin 22,LOC_Os04g53690.1,NA,expressed protein
403,PstI.TP642933,Sobic.006G225500,37945598,Sobic.006G225500,Sobic.006G225500.1,Sobic.006G225500.1.p,PF02298,"PTHR33021,PTHR33021:SF42",,,,GO:0009055,AT1G22480.1,,,,Cupredoxin superfamily protein,LOC_Os04g53710.1,NA,"plastocyanin-like domain containing protein, putative, expressed"
404,PstI.TP642933,Sobic.006G225400,37949095,Sobic.006G225400,Sobic.006G225400.1,Sobic.006G225400.1.p,PF00856,"PTHR12197,PTHR12197:SF75",KOG2084,2.1.1.43,,GO:0005515,AT3G21820.1,,,"ATXR2,SDG36",histone-lysine N-methyltransferase ATXR2,LOC_Os04g53700.1,NA,"zinc finger protein, putative, expressed"
405,PstI.TP642933,Sobic.006G225600,37946897,Sobic.006G225600,Sobic.006G225600.1,Sobic.006G225600.1.p,PF00481,"PTHR13832,PTHR13832:SF314",KOG0698,3.1.3.16,K17506,"GO:0003824,GO:0006470,GO:0004722",AT1G34750.1,,,,Protein phosphatase 2C family protein,LOC_Os04g37904.1,NA,"protein phosphatase 2C, putative, expressed"
407,PstI.TP65061,Sobic.002G373600,37952249,Sobic.002G373600,Sobic.002G373600.1,Sobic.002G373600.1.p,PF13768,"PTHR10338,PTHR10338:SF125",,,,,AT1G19110.1,,,,inter-alpha-trypsin inhibitor heavy chain-related,LOC_Os07g42280.1,NA,"von Willebrand factor type A domain containing protein, expressed"
409,PstI.TP65061,Sobic.002G373700,37951392,Sobic.002G373700,Sobic.002G373700.1,Sobic.002G373700.1.p,,"PTHR34045,PTHR34045:SF4",,,,,AT1G72490.1,,,,,LOC_Os07g42290.1,NA,expressed protein
410,PstI.TP65061,Sobic.002G373800,37954570,Sobic.002G373800,Sobic.002G373800.1,Sobic.002G373800.1.p,PF00736,"PTHR11595,PTHR11595:SF27",KOG1668,,K03232,"GO:0006414,GO:0005853,GO:0003746",AT2G18110.1,,,,Translation elongation  factor EF1B/ribosomal protein S6 family protein,LOC_Os07g42300.1,NA,"elongation factor protein, putative, expressed"
411,PstI.TP65271,Sobic.003G029900,37912825,Sobic.003G029900,Sobic.003G029900.1,Sobic.003G029900.1.p,"PF01565,PF09265","PTHR13878,PTHR13878:SF14",KOG1231,1.5.99.12,K00279,"GO:0055114,GO:0050660,GO:0016491,GO:0019139,GO:0009690",AT1G75450.1,,,"ATCKX5,ATCKX6,CKX5",cytokinin oxidase 5,LOC_Os01g10110.1,NA,"cytokinin dehydrogenase precursor, putative, expressed"
412,PstI.TP678255,Sobic.001G390900,37944161,Sobic.001G390900,Sobic.001G390900.1,Sobic.001G390900.1.p,"PF00479,PF02781","PTHR23429,PTHR23429:SF4",,1.1.1.49,K00036,"GO:0055114,GO:0050661,GO:0006006,GO:0004345",AT1G09420.1,,,G6PD4,glucose-6-phosphate dehydrogenase 4,LOC_Os03g20300.1,NA,"glucose-6-phosphate 1-dehydrogenase, chloroplast precursor, putative, expressed"
414,PstI.TP678255,Sobic.001G391101,37943225,Sobic.001G391101,Sobic.001G391101.1,Sobic.001G391101.1.p,"PF12854,PF13041,PF01535","PTHR24015,PTHR24015:SF553",,,,,AT1G56690.1,,,,Pentatricopeptide repeat (PPR) superfamily protein,LOC_Os03g20190.1,NA,"pentatricopeptide, putative, expressed"
415,PstI.TP678255,Sobic.001G391200,37939884,Sobic.001G391200,Sobic.001G391200.1,Sobic.001G391200.1.p,PF00005,"PTHR12847,PTHR12847:SF5",KOG2355,3.6.3.36,K12608,"GO:0016887,GO:0005524",AT5G02270.1,,,"ATNAP9,NAP9",non-intrinsic ABC protein 9,LOC_Os03g20170.1,NA,"ABC transporter, ATP-binding protein, putative, expressed"
416,PstI.TP678255,Sobic.001G391000,37939195,Sobic.001G391000,Sobic.001G391000.1,Sobic.001G391000.1.p,PF00026,"PTHR13683,PTHR13683:SF297",KOG1339,3.4.23.12,,"GO:0006508,GO:0004190",AT2G03200.1,,,,Eukaryotic aspartyl protease family protein,LOC_Os03g20210.1,NA,"aspartic proteinase nepenthesin precursor, putative, expressed"
418,PstI.TP727705,Sobic.004G034900,37929917,Sobic.004G034900,Sobic.004G034900.1,Sobic.004G034900.1.p,"PF00569,PF02135,PF08214",PTHR13808,KOG1778,2.3.1.48,K04498,"GO:0008270,GO:0006355,GO:0005634,GO:0004402,GO:0003712,GO:0016573",AT1G16710.1,,,HAC12,histone acetyltransferase of the CBP family 12,LOC_Os02g04490.1,NA,"histone acetyltransferase HAC1, putative, expressed"
419,PstI.TP727705,Sobic.004G035000,37932760,Sobic.004G035000,Sobic.004G035000.1,Sobic.004G035000.1.p,PF01795,"PTHR11265:SF0,PTHR11265",KOG2782,2.1.1.199,,GO:0008168,AT5G10910.1,,,,mraW methylase family protein,LOC_Os02g04500.1,NA,"S-adenosyl-L-methionine-dependent methyltransferase mraW, putative, expressed"
420,PstI.TP727705,Sobic.004G035100,37931323,Sobic.004G035100,Sobic.004G035100.1,Sobic.004G035100.1.p,"PF08547,PF05368,PF13460","PTHR10366,PTHR10366:SF343",KOG1203,,,,AT1G16720.1,,,HCF173,high chlorophyll fluorescence phenotype 173,LOC_Os02g04510.1,NA,"UOS1, putative, expressed"
421,PstI.TP727705,Sobic.004G035200,37932591,Sobic.004G035200,Sobic.004G035200.1,Sobic.004G035200.1.p,PF00631,"PTHR35129,PTHR35129:SF1",,,,"GO:0007186,GO:0005834,GO:0004871",AT3G63420.2,,,"AGG1,ATAGG1,GG1",Ggamma-subunit 1,LOC_Os02g04520.1,NA,"AGG2, putative, expressed"
422,PstI.TP729855,Sobic.003G324500,37916828,Sobic.003G324500,Sobic.003G324500.1,Sobic.003G324500.1.p,PF00847,"PTHR31677,PTHR31677:SF25",,,,"GO:0006355,GO:0003700",AT1G28360.1,,,"ATERF12,ERF12",ERF domain protein 12,LOC_Os05g41760.1,NA,"AP2 domain containing protein, expressed"
423,PstI.TP729855,Sobic.003G324600,37917902,Sobic.003G324600,Sobic.003G324600.1,Sobic.003G324600.1.p,PF14215,"PTHR13902,PTHR13902:SF3",,,,,AT5G53900.2,,,,Serine/threonine-protein kinase WNK (With No Lysine)-related,LOC_Os11g25920.1,NA,"transcription factor-related, putative, expressed"
424,PstI.TP770204,Sobic.003G357000,37913743,Sobic.003G357000,Sobic.003G357000.1,Sobic.003G357000.1.p,,,,,,,,,,,,,NA,
425,PstI.TP770204,Sobic.003G356900,37913854,Sobic.003G356900,Sobic.003G356900.1,Sobic.003G356900.1.p,,"PTHR33356,PTHR33356:SF5",,,,,AT3G54000.1,,,,,LOC_Os01g63050.1,NA,expressed protein
426,PstI.TP774948,Sobic.009G003000,37922716,Sobic.009G003000,Sobic.009G003000.1,Sobic.009G003000.1.p,"PF12847,PF00155","PTHR11751,PTHR11751:SF133",,2.1.1.12,K08247,"GO:0030170,GO:0009058",AT5G49810.1,,,MMT,methionine S-methyltransferase,LOC_Os05g01470.1,NA,"methionine S-methyltransferase, putative, expressed"
428,PstI.TP775725,Sobic.001G012600,37940756,Sobic.001G012600,Sobic.001G012600.1,Sobic.001G012600.1.p,PF01554,"PTHR11206,PTHR11206:SF143",KOG1347,,K03327,"GO:0055085,GO:0016020,GO:0015297,GO:0015238,GO:0006855",AT3G21690.1,,,,MATE efflux family protein,LOC_Os03g37490.1,NA,"MATE efflux family protein, putative, expressed"
429,PstI.TP775725,Sobic.001G012500,37944026,Sobic.001G012500,Sobic.001G012500.1,Sobic.001G012500.1.p,"PF00043,PF02798","PTHR11260,PTHR11260:SF262",KOG0867,2.5.1.18,,GO:0005515,AT3G62760.1,,,ATGSTF13,Glutathione S-transferase family protein,LOC_Os01g55830.1,NA,"glutathione S-transferase, putative, expressed"
432,PstI.TP775845,Sobic.001G164000,37942467,Sobic.001G164000,Sobic.001G164000.1,Sobic.001G164000.1.p,PF04515,"PTHR12385,PTHR12385:SF4",,,,,AT5G13760.1,,,,Plasma-membrane choline transporter family protein,LOC_Os07g46240.1,NA,"choline transporter-related, putative, expressed"
433,PstI.TP775845,Sobic.001G163732,37939773,Sobic.001G163732,Sobic.001G163732.1,Sobic.001G163732.1.p,,,,,,,,,,,,ChrUn.fgenesh.mRNA.41,NA,hypothetical protein
434,PstI.TP775845,Sobic.001G163800,37943672,Sobic.001G163800,Sobic.001G163800.1,Sobic.001G163800.1.p,PF02365,"PTHR31744,PTHR31744:SF3",,,,"GO:0006355,GO:0003677",AT3G18400.1,,,"anac058,NAC058",NAC domain containing protein 58,LOC_Os03g42630.1,NA,"No apical meristem protein, putative, expressed"
435,PstI.TP775845,Sobic.001G163900,37938945,Sobic.001G163900,Sobic.001G163900.1,Sobic.001G163900.1.p,,,,3.6.3.8,,,,,,,,LOC_Os03g17310.1,NA,"calcium-transporting ATPase, endoplasmic reticulum-type, putative, expressed"
437,PstI.TP789647,Sobic.003G379500,37914221,Sobic.003G379500,Sobic.003G379500.3,Sobic.003G379500.3.p,"PF03171,PF14226","PTHR10209,PTHR10209:SF129",KOG0143,,,"GO:0055114,GO:0016491",AT4G25420.1,,,"AT2301,ATGA20OX1,GA20OX1,GA5",2-oxoglutarate (2OG) and Fe(II)-dependent oxygenase superfamily protein,LOC_Os01g66100.1,NA,"gibberellin 20 oxidase 2, putative, expressed"
439,PstI.TP789647,Sobic.003G379800,37912520,Sobic.003G379800,Sobic.003G379800.1,Sobic.003G379800.1.p,"PF04564,PF00514","PTHR23315,PTHR23315:SF117",,6.3.2.19,,"GO:0016567,GO:0004842,GO:0005515",AT2G23140.1,,,,RING/U-box superfamily protein with ARM repeat domain,LOC_Os01g66130.1,NA,"armadillo/beta-catenin repeat family protein, putative, expressed"
440,PstI.TP789647,Sobic.003G379600,37915511,Sobic.003G379600,Sobic.003G379600.1,Sobic.003G379600.1.p,PF03141,"PTHR10108,PTHR10108:SF926",,,,GO:0008168,AT5G64030.1,,,,S-adenosyl-L-methionine-dependent methyltransferases superfamily protein,LOC_Os01g66110.1,NA,"methyltransferase, putative, expressed"
441,PstI.TP789647,Sobic.003G379700,37914611,Sobic.003G379700,Sobic.003G379700.1,Sobic.003G379700.1.p,PF02365,"PTHR31719,PTHR31719:SF3",,,,"GO:0006355,GO:0003677",AT1G01720.1,,,"ANAC002,ATAF1",NAC (No Apical Meristem) domain transcriptional regulator superfamily protein,LOC_Os01g66120.1,NA,"No apical meristem protein, putative, expressed"
443,PstI.TP790069,Sobic.002G007300,37952302,Sobic.002G007300,Sobic.002G007300.1,Sobic.002G007300.1.p,PF00400,"PTHR19861,PTHR19861:SF3",KOG1446,,K14962,GO:0005515,AT5G66240.2,,,,Transducin/WD40 repeat-like superfamily protein,LOC_Os07g40030.1,NA,"WD domain, G-beta repeat domain containing protein, expressed"
444,PstI.TP790069,Sobic.002G007250,37955566,Sobic.002G007250,Sobic.002G007250.1,Sobic.002G007250.1.p,,,,,,,,,,,,,NA,
445,PstI.TP790069,Sobic.002G007500,37954947,Sobic.002G007500,Sobic.002G007500.1,Sobic.002G007500.1.p,PF01612,"PTHR13620,PTHR13620:SF8",,3.6.4.12,,"GO:0008408,GO:0006139,GO:0003676",AT2G36110.1,,,,"Polynucleotidyl transferase, ribonuclease H-like superfamily protein",LOC_Os07g02180.1,NA,"3-5 exonuclease domain-containing protein, putative, expressed"
446,PstI.TP790069,Sobic.002G007400,37954518,Sobic.002G007400,Sobic.002G007400.1,Sobic.002G007400.1.p,PF00657,"PTHR22835,PTHR22835:SF173",,,,GO:0016788,AT5G03610.1,,,,GDSL-like Lipase/Acylhydrolase superfamily protein,LOC_Os04g55660.1,NA,"GDSL-like lipase/acylhydrolase, putative, expressed"
447,PstI.TP790069,Sobic.002G007600,37952652,Sobic.002G007600,Sobic.002G007600.1,Sobic.002G007600.1.p,,"PTHR13620,PTHR13620:SF12",,3.6.4.12,,,AT2G36110.1,,,,"Polynucleotidyl transferase, ribonuclease H-like superfamily protein",LOC_Os07g02170.1,NA,"3-5 exonuclease domain-containing protein, putative, expressed"
448,PstI.TP833228,Sobic.002G142500,37955337,Sobic.002G142500,Sobic.002G142500.2,Sobic.002G142500.2.p,"PF14383,PF14309","PTHR31680,PTHR31680:SF3",,,,,AT1G74160.1,,,,,LOC_Os07g01860.1,NA,expressed protein
451,PstI.TP841525,Sobic.003G257100,37918207,Sobic.003G257100,Sobic.003G257100.1,Sobic.003G257100.1.p,PF04146,"PTHR12357,PTHR12357:SF15",KOG1901,,,,AT1G79270.1,,,ECT8,evolutionarily conserved C-terminal region 8,LOC_Os01g48790.1,NA,"YT521-B-like family domain containing protein, expressed"
452,PstI.TP841525,Sobic.003G257200,37913239,Sobic.003G257200,Sobic.003G257200.1,Sobic.003G257200.1.p,PF04504,"PTHR31662,PTHR31662:SF13",,3.4.21.72,,,AT4G00390.1,,,,DNA-binding storekeeper protein-related transcriptional regulator,LOC_Os02g53150.1,NA,expressed protein
453,PstI.TP881184,Sobic.002G418300,37951586,Sobic.002G418300,Sobic.002G418300.1,Sobic.002G418300.1.p,PF02225,"PTHR22765,PTHR22765:SF57",,,,,AT3G52850.1,,,"ATELP,ATELP1,ATVSR1,BP-80,BP80,BP80-1;1,BP80B,GFS1,VSR1,VSR1;1",vacuolar sorting receptor homolog 1,LOC_Os07g48229.1,NA,"vacuolar-sorting receptor precursor, putative, expressed"
454,PstI.TP881184,Sobic.002G418400,37953063,Sobic.002G418400,Sobic.002G418400.1,Sobic.002G418400.1.p,,,,,,,AT2G40765.1,,,,,LOC_Os07g48244.1,NA,"ubiquinol-cytochrome c reductase complex 6.7 kDa protein, putative, expressed"
455,PstI.TP881184,Sobic.002G418500,37952128,Sobic.002G418500,Sobic.002G418500.1,Sobic.002G418500.1.p,PF03106,"PTHR31282,PTHR31282:SF19",,,,"GO:0043565,GO:0006355,GO:0003700",AT2G46400.1,,,"ATWRKY46,WRKY46",WRKY DNA-binding protein 46,LOC_Os07g48260.1,NA,"WRKY47, expressed"
456,PstI.TP947087,Sobic.002G111800,37951761,Sobic.002G111800,Sobic.002G111800.1,Sobic.002G111800.1.p,PF00696,"PTHR21499,PTHR21499:SF32",,2.7.2.4,K00928,,AT5G13280.1,,,"AK,AK-LYS1,AK1",aspartate kinase 1,LOC_Os07g20544.1,NA,"aspartokinase, chloroplast precursor, putative, expressed"
457,PstI.TP947087,Sobic.002G111900,37954281,Sobic.002G111900,Sobic.002G111900.1,Sobic.002G111900.1.p,"PF08276,PF01453,PF00954,PF07714","PTHR27002,PTHR27002:SF84",KOG1187,2.7.11.1,,"GO:0048544,GO:0006468,GO:0004672",AT4G21380.1,,,"ARK3,RK3",receptor kinase 3,LOC_Os07g36544.2,NA,"serine/threonine-protein kinase receptor precursor, putative, expressed"
459,PstI.TP980214,Sobic.001G135500,37941763,Sobic.001G135500,Sobic.001G135500.1,Sobic.001G135500.1.p,PF00632,PTHR11254,,6.3.2.19,K10588,GO:0004842,AT3G53090.1,,,UPL7,ubiquitin-protein ligase 7,LOC_Os03g47949.1,NA,"HECT-domain domain containing protein, expressed"
460,PstI.TP980214,Sobic.001G135600,37937639,Sobic.001G135600,Sobic.001G135600.1,Sobic.001G135600.1.p,PF00657,"PTHR22835:SF146,PTHR22835",,3.1.1.3,,GO:0016788,AT5G03820.1,,,,GDSL-like Lipase/Acylhydrolase family protein,LOC_Os03g47940.1,NA,"GDSL-like lipase/acylhydrolase, putative, expressed"
462,PstI.TP980214,Sobic.001G135650,37945132,Sobic.001G135650,Sobic.001G135650.1,Sobic.001G135650.1.p,,,,,,,,,,,,LOC_Os04g57040.1,NA,expressed protein
463,PstI.TP980214,Sobic.001G135700,37940286,Sobic.001G135700,Sobic.001G135700.1,Sobic.001G135700.1.p,,,,,,,,,,,,,NA,
464,PstI.TP980214,Sobic.001G135800,37939227,Sobic.001G135800,Sobic.001G135800.1,Sobic.001G135800.1.p,,,,,,,,,,,,LOC_Os06g49670.2,NA,"pentatricopeptide, putative, expressed"
465,PstI.TP982120,Sobic.002G138200,37952760,Sobic.002G138200,Sobic.002G138200.2,Sobic.002G138200.2.p,PF06136,"PTHR31083,PTHR31083:SF2",,,,,AT2G28150.1,,,,Domain of unknown function (DUF966),LOC_Os03g48600.1,NA,"domain of unknown function DUF966 domain containing protein, expressed"
467,PstI.TP982120,Sobic.002G138300,37954770,Sobic.002G138300,Sobic.002G138300.1,Sobic.002G138300.1.p,,"PTHR31469,PTHR31469:SF2",,,,,AT4G12700.1,,,,,LOC_Os01g59070.1,NA,expressed protein
468,PstI.TP982139,Sobic.004G141200,37931423,Sobic.004G141200,Sobic.004G141200.1,Sobic.004G141200.1.p,PF00067,"PTHR24298,PTHR24298:SF149",KOG0156,1.14.13.11,K00487,"GO:0055114,GO:0020037,GO:0016705,GO:0005506",AT2G30490.1,,,"ATC4H,C4H,CYP73A5,REF3",cinnamate-4-hydroxylase,LOC_Os02g26810.1,NA,"cytochrome P450, putative, expressed"