ID,SNP,Chromosome,Position,Trait.name,PS,Ind.SNP,SUPER,FarmCPU,mrMLM,rrBLUP,GLM,MAF.1.x,PVE.1.y
Bcirc_cm.1,NsiI.TP211798,1,72131324,Bcirc_cm,Bcirc_cm(PS_Y(1)),Bcirc_cm(124+36088im(1)),,,Bcirc_cm(mrMLM(1)),,,0.0492,9.731
Bcirc_cm.2,NsiI.TP218789,3,51796050,Bcirc_cm,Bcirc_cm(PS_Y(2)),Bcirc_cm(C106+4202(1);C116+3293(1)),,,Bcirc_cm(mrMLM(2)),,,0.2456,7.029
Bcirc_cm.3,NsiI.TP224601,1,58622993,Bcirc_cm,Bcirc_cm(PS_N(1)),Bcirc_cm(124+36088im(1)),,Bcirc_cm(FarmCPU(1)),,,,0.146,5.164
Bcirc_cm.4,NsiI.TP250072,9,5056498,Bcirc_cm,Bcirc_cm(PS_Y(2)),Bcirc_cm(124+36088im(2)),,,Bcirc_cm(FASTmrMLM(1)ISIS EM-BLASSO(1)),,,0.0685,1.938
Bcirc_cm.5,NsiI.TP257077,1,6103539,Bcirc_cm,Bcirc_cm(PS_Y(1)),Bcirc_cm(124+36088im(1)),,,Bcirc_cm(ISIS EM-BLASSO(1)),,,0.4556,3.433
Bcirc_cm.6,NsiI.TP296881,10,7488785,Bcirc_cm,Bcirc_cm(PS_N(3);PS_Y(1)),Bcirc_cm(124+36088im(4)),,,Bcirc_cm(ISIS EM-BLASSO(1)mrMLM(1)pKWmEB(2)),,,0.0369,5.317
Bcirc_cm.7,NsiI.TP296932,9,49933625,Bcirc_cm,Bcirc_cm(PS_N(3);PS_Y(1)),Bcirc_cm(124+36088im(4)),,,Bcirc_cm(ISIS EM-BLASSO(1)mrMLM(2)pKWmEB(1)),,,0.1025,30.57
Bcirc_cm.8,NsiI.TP30868,1,51136397,Bcirc_cm,Bcirc_cm(PS_Y(1)),Bcirc_cm(124+36088im(1)),,,Bcirc_cm(mrMLM(1)),,,0.0943,1.482
Bcirc_cm.9,NsiI.TP330963,10,56296082,Bcirc_cm,Bcirc_cm(PS_N(1)),Bcirc_cm(124+36088im(1)),,Bcirc_cm(FarmCPU(1)),,,,0.06987,0.2502
Bcirc_cm.10,NsiI.TP346008,4,67938088,Bcirc_cm,Bcirc_cm(PS_N(2)),Bcirc_cm(C106+4202(2)),,,Bcirc_cm(FASTmrMLM(1)mrMLM(1)),,,0.1154,3.557
Bcirc_cm.11,NsiI.TP391506,4,62592587,Bcirc_cm,Bcirc_cm(PS_Y(1)),Bcirc_cm(124+36088im(1)),,,Bcirc_cm(pKWmEB(1)),,,0.1008,1.643
Bcirc_cm.12,NsiI.TP39740,2,186613,Bcirc_cm,Bcirc_cm(PS_N(1)),Bcirc_cm(C116+3293(1)),,Bcirc_cm(FarmCPU(1)),,,,0.06897,0.2789
Bcirc_cm.13,NsiI.TP404457,1,76403176,Bcirc_cm,Bcirc_cm(PS_Y(1)),Bcirc_cm(124+36088im(1)),Bcirc_cm(MLM+SUPER(1)),,,,,0.2045,0.1099
Bcirc_cm.14,NsiI.TP441693,3,2660294,Bcirc_cm,Bcirc_cm(PS_Y(1)),Bcirc_cm(124+36088im(1)),,,Bcirc_cm(ISIS EM-BLASSO(1)),,,0.0927,0.8278
Bcirc_cm.15,NsiI.TP445310,11,14390,Bcirc_cm,Bcirc_cm(PS_Y(1)),Bcirc_cm(124+36088im(1)),,,Bcirc_cm(ISIS EM-BLASSO(1)),,,0.0927,0.7402
Bcirc_cm.16,NsiI.TP482264,1,66520178,Bcirc_cm,Bcirc_cm(PS_N(1)),Bcirc_cm(C124+2560(1)),,,Bcirc_cm(FASTmrEMMA(1)),,,0.0524,1.30E-10
Bcirc_cm.17,NsiI.TP548243,11,15891,Bcirc_cm,Bcirc_cm(PS_Y(1)),Bcirc_cm(124+36088im(1)),Bcirc_cm(MLM+SUPER(1)),,,,,0.2957,18.7
Bcirc_cm.18,NsiI.TP563229,3,13084031,Bcirc_cm,Bcirc_cm(PS_N(1);PS_Y(1)),Bcirc_cm(124+36088im(2)),Bcirc_cm(MLM+SUPER(1)),Bcirc_cm(FarmCPU(1)),,,,0.1932,0.4432
Bcirc_cm.19,NsiI.TP620600,11,16796,Bcirc_cm,Bcirc_cm(PS_Y(1)),Bcirc_cm(124+36088im(1)),Bcirc_cm(MLM+SUPER(1)),,,,,0.1034,0.4254
Bcirc_cm.20,NsiI.TP647736,6,56339998,Bcirc_cm,Bcirc_cm(PS_Y(3)),Bcirc_cm(124+36088im(3)),,,Bcirc_cm(FASTmrMLM(1)mrMLM(1)pKWmEB(1)),,,0.25,15.39
Bcirc_cm.21,NsiI.TP648509,10,41353679,Bcirc_cm,Bcirc_cm(PS_N(1)),Bcirc_cm(C124+2560(1)),,Bcirc_cm(FarmCPU(1)),,,,0.05645,0.9279
Bcirc_cm.22,NsiI.TP658897,11,17214,Bcirc_cm,Bcirc_cm(PS_N(1)),Bcirc_cm(C116+3293(1)),,Bcirc_cm(FarmCPU(1)),,,,0.3276,13.56
Bcirc_cm.23,NsiI.TP762935,6,3182336,Bcirc_cm,Bcirc_cm(PS_Y(1)),Bcirc_cm(124+36088im(1)),,,Bcirc_cm(mrMLM(1)),,,0.0328,1.667
Bcirc_cm.24,NsiI.TP765320,7,5038310,Bcirc_cm,Bcirc_cm(PS_N(5);PS_Y(3)),Bcirc_cm(C106+4202(8)),,Bcirc_cm(FarmCPU(1)),Bcirc_cm(FASTmrMLM(2)ISIS EM-BLASSO(2)mrMLM(1)pKWmEB(2)),,,0.1132,26.33
Bcirc_cm.25,NsiI.TP804180,11,18968,Bcirc_cm,Bcirc_cm(PS_Y(1)),Bcirc_cm(124+36088im(1)),Bcirc_cm(MLM+SUPER(1)),,,,,0.2973,0.1266
Bcirc_cm.26,PstI.TP1016611,1,12066190,Bcirc_cm,Bcirc_cm(PS_N(1)),Bcirc_cm(124+36088im(1)),,Bcirc_cm(FarmCPU(1)),,,,0.3371,10.37
Bcirc_cm.27,PstI.TP1025634,2,71277610,Bcirc_cm,Bcirc_cm(PS_N(2);PS_Y(8)),Bcirc_cm(C106+4202(4);C116+3293(3);C124+2560(3)),Bcirc_cm(CMLM+SUPER(1)MLM+SUPER(1)),,Bcirc_cm(FASTmrEMMA(2)FASTmrMLM(3)mrMLM(3)),,,0.0721,10.85
Bcirc_cm.28,PstI.TP1032333,3,3528771,Bcirc_cm,Bcirc_cm(PS_N(7);PS_Y(1)),Bcirc_cm(124+36088im(1);C124+2560(7)),,Bcirc_cm(FarmCPU(1)),Bcirc_cm(FASTmrEMMA(1)ISIS EM-BLASSO(1)mrMLM(2)pKWmEB(2)pLARmEB(1)),,,0.1434,22.21
Bcirc_cm.29,PstI.TP1040729,4,54844080,Bcirc_cm,Bcirc_cm(PS_N(2)),Bcirc_cm(C106+4202(1);C116+3293(1)),,Bcirc_cm(FarmCPU(1)),Bcirc_cm(ISIS EM-BLASSO(1)),,,0.2371,24.9
Bcirc_cm.30,PstI.TP1198406,4,2136493,Bcirc_cm,Bcirc_cm(PS_Y(1)),Bcirc_cm(124+36088im(1)),Bcirc_cm(MLM+SUPER(1)),,,,,0.3589,2.38E-06
Bcirc_cm.31,PstI.TP1213759,11,8549,Bcirc_cm,Bcirc_cm(PS_Y(1)),Bcirc_cm(124+36088im(1)),Bcirc_cm(MLM+SUPER(1)),,,,,0.2438,1.917
Bcirc_cm.32,PstI.TP1225854,11,8636,Bcirc_cm,Bcirc_cm(PS_Y(1)),Bcirc_cm(124+36088im(1)),Bcirc_cm(CMLM+SUPER(1)),,,,,0.08824,0.4129
Bcirc_cm.33,PstI.TP1280049,3,4545043,Bcirc_cm,Bcirc_cm(PS_Y(1)),Bcirc_cm(124+36088im(1)),Bcirc_cm(MLM+SUPER(1)),,,,,0.164,3.709
Bcirc_cm.34,PstI.TP134129,9,51572610,Bcirc_cm,Bcirc_cm(PS_Y(1)),Bcirc_cm(C124+2560(1)),,,Bcirc_cm(mrMLM(1)),,,0.0205,0
Bcirc_cm.35,PstI.TP141279,11,12718,Bcirc_cm,Bcirc_cm(PS_Y(1)),Bcirc_cm(C124+2560(1)),,,Bcirc_cm(FASTmrMLM(1)),,,0.1411,12.65
Bcirc_cm.36,PstI.TP148994,6,47930110,Bcirc_cm,Bcirc_cm(PS_Y(1)),Bcirc_cm(124+36088im(1)),,,Bcirc_cm(FASTmrMLM(1)),,,0.121,4.088
Bcirc_cm.37,PstI.TP150197,1,30650620,Bcirc_cm,Bcirc_cm(PS_N(1)),Bcirc_cm(C106+4202(1)),,Bcirc_cm(FarmCPU(1)),,,,0.06132,3.85
Bcirc_cm.38,PstI.TP158908,11,1303,Bcirc_cm,Bcirc_cm(PS_N(1)),Bcirc_cm(C106+4202(1)),,Bcirc_cm(FarmCPU(1)),,,,0.1179,0.0009215
Bcirc_cm.39,PstI.TP161086,8,61954442,Bcirc_cm,Bcirc_cm(PS_N(1)),Bcirc_cm(124+36088im(1)),,Bcirc_cm(FarmCPU(1)),,,,0.1977,0.831
Bcirc_cm.40,PstI.TP18079,6,50586809,Bcirc_cm,Bcirc_cm(PS_N(1)),Bcirc_cm(C106+4202(1)),,Bcirc_cm(FarmCPU(1)),,,,0.09906,1.999
Bcirc_cm.41,PstI.TP188641,3,6088178,Bcirc_cm,Bcirc_cm(PS_N(1)),Bcirc_cm(C106+4202(1)),,,Bcirc_cm(ISIS EM-BLASSO(1)),,,0.1415,1.194
Bcirc_cm.42,PstI.TP202435,3,7414396,Bcirc_cm,Bcirc_cm(PS_N(1)),Bcirc_cm(124+36088im(1)),,Bcirc_cm(FarmCPU(1)),,,,0.06662,18
Bcirc_cm.43,PstI.TP224188,11,1842,Bcirc_cm,Bcirc_cm(PS_N(3);PS_Y(5)),Bcirc_cm(124+36088im(1);C106+4202(7)),,,Bcirc_cm(FASTmrEMMA(2)FASTmrMLM(1)ISIS EM-BLASSO(2)mrMLM(1)pKWmEB(2)),,,0.3846,21.64
Bcirc_cm.44,PstI.TP298201,6,1375822,Bcirc_cm,Bcirc_cm(PS_N(3)),Bcirc_cm(C106+4202(3)),,,Bcirc_cm(FASTmrMLM(1)ISIS EM-BLASSO(1)mrMLM(1)),,,0.0962,26.14
Bcirc_cm.45,PstI.TP312941,2,2888124,Bcirc_cm,Bcirc_cm(PS_Y(1)),Bcirc_cm(124+36088im(1)),,,Bcirc_cm(ISIS EM-BLASSO(1)),,,0.1411,8.161
Bcirc_cm.46,PstI.TP326891,1,74036176,Bcirc_cm,Bcirc_cm(PS_Y(1)),Bcirc_cm(124+36088im(1)),,,Bcirc_cm(pKWmEB(1)),,,0.2298,2.835
Bcirc_cm.47,PstI.TP36125,11,299,Bcirc_cm,Bcirc_cm(PS_Y(1)),Bcirc_cm(124+36088im(1)),,,Bcirc_cm(mrMLM(1)),,,0.1025,51.68
Bcirc_cm.48,PstI.TP426528,2,75226780,Bcirc_cm,Bcirc_cm(PS_N(1)),Bcirc_cm(C116+3293(1)),,Bcirc_cm(FarmCPU(1)),,,,0.3879,20.02
Bcirc_cm.49,PstI.TP434866,6,3914949,Bcirc_cm,Bcirc_cm(PS_N(2);PS_Y(1)),Bcirc_cm(124+36088im(3)),,,Bcirc_cm(ISIS EM-BLASSO(1)mrMLM(1)pKWmEB(1)),,,0.1452,25.09
Bcirc_cm.50,PstI.TP457393,1,60097068,Bcirc_cm,Bcirc_cm(PS_N(1)),Bcirc_cm(C116+3293(1)),,,Bcirc_cm(FASTmrEMMA(1)),,,0.2198,12.16
Bcirc_cm.51,PstI.TP476886,2,55394288,Bcirc_cm,Bcirc_cm(PS_N(2);PS_Y(1)),Bcirc_cm(C124+2560(3)),,,Bcirc_cm(ISIS EM-BLASSO(1)pKWmEB(2)),,,0.2097,0
Bcirc_cm.52,PstI.TP503391,2,73095782,Bcirc_cm,Bcirc_cm(PS_N(1)),Bcirc_cm(C106+4202(1)),,Bcirc_cm(FarmCPU(1)),,,,0.3255,0.2224
Bcirc_cm.53,PstI.TP504809,4,5155593,Bcirc_cm,Bcirc_cm(PS_Y(1)),Bcirc_cm(124+36088im(1)),Bcirc_cm(MLM+SUPER(1)),,,,,0.3979,21.59
Bcirc_cm.54,PstI.TP513843,3,2577255,Bcirc_cm,Bcirc_cm(PS_Y(1)),Bcirc_cm(C106+4202(1)),,,Bcirc_cm(pKWmEB(1)),,,0.3208,3.337
Bcirc_cm.55,PstI.TP548121,9,58253929,Bcirc_cm,Bcirc_cm(PS_N(1)),Bcirc_cm(C106+4202(1)),,Bcirc_cm(FarmCPU(1)),,,,0.06132,0.1839
Bcirc_cm.56,PstI.TP636384,11,4471,Bcirc_cm,Bcirc_cm(PS_N(1)),Bcirc_cm(124+36088im(1)),,Bcirc_cm(FarmCPU(1)),,,,0.1156,1.608
Bcirc_cm.57,PstI.TP648736,4,60109935,Bcirc_cm,Bcirc_cm(PS_Y(1)),Bcirc_cm(124+36088im(1)),Bcirc_cm(MLM+SUPER(1)),,,,,0.166,17.11
Bcirc_cm.58,PstI.TP65527,10,60139620,Bcirc_cm,Bcirc_cm(PS_N(1)),Bcirc_cm(C106+4202(1)),,Bcirc_cm(FarmCPU(1)),,,,0.2358,20.78
Bcirc_cm.59,PstI.TP663427,1,70529598,Bcirc_cm,Bcirc_cm(PS_N(1);PS_Y(2)),Bcirc_cm(C116+3293(1);C124+2560(2)),Bcirc_cm(CMLM+SUPER(1)MLM+SUPER(1)),Bcirc_cm(FarmCPU(1)),,,,0.07759,0.5925
Bcirc_cm.60,PstI.TP69104,11,574,Bcirc_cm,Bcirc_cm(PS_Y(1)),Bcirc_cm(124+36088im(1)),,,Bcirc_cm(FASTmrMLM(1)),,,0.2782,15.7
Bcirc_cm.61,PstI.TP697156,4,9915378,Bcirc_cm,Bcirc_cm(PS_N(1)),Bcirc_cm(124+36088im(1)),,Bcirc_cm(FarmCPU(1)),,,,0.06588,1.373
Bcirc_cm.62,PstI.TP710636,6,45894338,Bcirc_cm,Bcirc_cm(PS_N(1);PS_Y(1)),Bcirc_cm(C106+4202(2)),,,Bcirc_cm(mrMLM(1)pKWmEB(1)),,,0.2028,24.26
Bcirc_cm.63,PstI.TP714069,4,62405613,Bcirc_cm,Bcirc_cm(PS_Y(2)),Bcirc_cm(C106+4202(2)),,,Bcirc_cm(FASTmrEMMA(1)mrMLM(1)),,,0.024,4.721
Bcirc_cm.64,PstI.TP744556,1,76101544,Bcirc_cm,Bcirc_cm(PS_N(1);PS_Y(1)),Bcirc_cm(C124+2560(2)),,,Bcirc_cm(pKWmEB(2)),,,0.4073,5.68
Bcirc_cm.65,PstI.TP75301,6,44312976,Bcirc_cm,Bcirc_cm(PS_N(1)),Bcirc_cm(124+36088im(1)),,,Bcirc_cm(mrMLM(1)),,,0.2664,4.053
Bcirc_cm.66,PstI.TP754866,1,69204551,Bcirc_cm,Bcirc_cm(PS_Y(1)),Bcirc_cm(C106+4202(1)),,,Bcirc_cm(ISIS EM-BLASSO(1)),,,0.4764,11.05
Bcirc_cm.67,PstI.TP770722,1,66347924,Bcirc_cm,Bcirc_cm(PS_N(1)),Bcirc_cm(124+36088im(1)),,Bcirc_cm(FarmCPU(1)),,,,0.1477,1.611
Bcirc_cm.68,PstI.TP774963,6,1911989,Bcirc_cm,Bcirc_cm(PS_N(2);PS_Y(1)),Bcirc_cm(C106+4202(1);C116+3293(1);C124+2560(1)),Bcirc_cm(CMLM+SUPER(1)),Bcirc_cm(FarmCPU(2)),,,,0.1698,1.019
Bcirc_cm.69,PstI.TP788586,6,57442567,Bcirc_cm,Bcirc_cm(PS_N(1)),Bcirc_cm(C106+4202(1)),,Bcirc_cm(FarmCPU(1)),,,,0.3585,0.006795
Bcirc_cm.70,PstI.TP790069,2,699673,Bcirc_cm,Bcirc_cm(PS_N(7)),Bcirc_cm(C116+3293(4);C124+2560(3)),,Bcirc_cm(FarmCPU(1)),Bcirc_cm(FASTmrMLM(1)ISIS EM-BLASSO(1)mrMLM(2)pKWmEB(2)),,,0.2759,53.44
Bcirc_cm.71,PstI.TP803637,11,5567,Bcirc_cm,Bcirc_cm(PS_Y(1)),Bcirc_cm(124+36088im(1)),Bcirc_cm(MLM+SUPER(1)),,,,,0.1656,1.432
Bcirc_cm.72,PstI.TP838455,2,64681502,Bcirc_cm,Bcirc_cm(PS_N(2)),Bcirc_cm(C116+3293(2)),,Bcirc_cm(FarmCPU(1)),Bcirc_cm(ISIS EM-BLASSO(1)),,,0.4483,6.614
Bcirc_cm.73,PstI.TP849929,6,57879722,Bcirc_cm,Bcirc_cm(PS_Y(2)),Bcirc_cm(124+36088im(2)),Bcirc_cm(CMLM+SUPER(1)MLM+SUPER(1)),,,,,0.2418,0.9429
Bcirc_cm.74,PstI.TP852023,4,51121423,Bcirc_cm,Bcirc_cm(PS_N(1)),Bcirc_cm(C116+3293(1)),,Bcirc_cm(FarmCPU(1)),,,,0.06466,8.733
Bcirc_cm.75,PstI.TP871892,11,6087,Bcirc_cm,Bcirc_cm(PS_N(1)),Bcirc_cm(124+36088im(1)),,,Bcirc_cm(ISIS EM-BLASSO(1)),,,0.0444,11.24
Bcirc_cm.76,PstI.TP902502,11,6289,Bcirc_cm,Bcirc_cm(PS_Y(1)),Bcirc_cm(124+36088im(1)),,,Bcirc_cm(ISIS EM-BLASSO(1)),,,0.2621,4.764
Bcirc_cm.77,PstI.TP940999,3,66708999,Bcirc_cm,Bcirc_cm(PS_Y(1)),Bcirc_cm(C124+2560(1)),,,Bcirc_cm(mrMLM(1)),,,0.0533,7.335
Bcirc_cm.78,PstI.TP969142,1,70558586,Bcirc_cm,Bcirc_cm(PS_N(1)),Bcirc_cm(C106+4202(1)),,Bcirc_cm(FarmCPU(1)),,,,0.1698,0.02236
Bcirc_cm.79,PstI.TP976305,9,57621267,Bcirc_cm,Bcirc_cm(PS_N(1)),Bcirc_cm(124+36088im(1)),,Bcirc_cm(FarmCPU(1)),,,,0.1191,5.558
Bcirc_cm.80,PstI.TP980214,1,10687788,Bcirc_cm,Bcirc_cm(PS_N(1)),Bcirc_cm(C106+4202(1)),,,Bcirc_cm(ISIS EM-BLASSO(1)),,,0.4481,9.88
Bcirc_cm.81,PstI.TP995173,2,70172526,Bcirc_cm,Bcirc_cm(PS_Y(1)),Bcirc_cm(C124+2560(1)),,,Bcirc_cm(mrMLM(1)),,,0.291,17.05
CCirc_cm.1,GFSSContig18221_1150,7,5395966,CCirc_cm,CCirc_cm(PS_Y(4)),CCirc_cm(124+36088im(4)),,,CCirc_cm(FASTmrMLM(1)ISIS EM-BLASSO(1)mrMLM(1)pKWmEB(1)),,,0.4316,16.3
CCirc_cm.2,NsiI.TP24973,11,9399,CCirc_cm,CCirc_cm(PS_N(1);PS_Y(1)),CCirc_cm(124+36088im(2)),,,CCirc_cm(FASTmrMLM(1)ISIS EM-BLASSO(1)),,,0.2605,4.391
CCirc_cm.3,NsiI.TP361622,1,69534233,CCirc_cm,CCirc_cm(PS_N(1)),CCirc_cm(124+36088im(1)),,CCirc_cm(FarmCPU(1)),,,,0.2193,1.77
CCirc_cm.4,NsiI.TP390222,4,58488770,CCirc_cm,CCirc_cm(PS_N(1)),CCirc_cm(124+36088im(1)),,CCirc_cm(FarmCPU(1)),,,,0.08921,13.85
CCirc_cm.5,NsiI.TP471487,10,52898413,CCirc_cm,CCirc_cm(PS_N(1)),CCirc_cm(124+36088im(1)),,CCirc_cm(FarmCPU(1)),,,,0.187,0.6401
CCirc_cm.6,NsiI.TP634727,3,6399724,CCirc_cm,CCirc_cm(PS_N(1)),CCirc_cm(124+36088im(1)),,CCirc_cm(FarmCPU(1)),,,,0.08855,0.05821
CCirc_cm.7,NsiI.TP693731,11,17668,CCirc_cm,CCirc_cm(PS_N(1)),CCirc_cm(124+36088im(1)),,,CCirc_cm(pKWmEB(1)),,,0.2605,2.4
CCirc_cm.8,NsiI.TP750593,4,61084375,CCirc_cm,CCirc_cm(PS_N(1)),CCirc_cm(124+36088im(1)),,CCirc_cm(FarmCPU(1)),,,,0.1185,0.7987
CCirc_cm.9,NsiI.TP753053,11,18356,CCirc_cm,CCirc_cm(PS_Y(1)),CCirc_cm(124+36088im(1)),,,CCirc_cm(FASTmrMLM(1)),,,0.0798,1.32E-08
CCirc_cm.10,NsiI.TP762935,6,3182336,CCirc_cm,CCirc_cm(PS_N(1)),CCirc_cm(124+36088im(1)),,,CCirc_cm(pKWmEB(1)),,,0.042,3.961
CCirc_cm.11,NsiI.TP827851,4,12330408,CCirc_cm,CCirc_cm(PS_N(1)),CCirc_cm(C124+2560(1)),,CCirc_cm(FarmCPU(1)),,,,0.05645,21.42
CCirc_cm.12,PstI.TP1071296,11,7466,CCirc_cm,CCirc_cm(PS_N(6)),CCirc_cm(C106+4202(3);C116+3293(2);C124+2560(1)),,,CCirc_cm(FASTmrEMMA(1)ISIS EM-BLASSO(2)mrMLM(1)pKWmEB(2)),,,0.1513,19.11
CCirc_cm.13,PstI.TP1082141,2,57174602,CCirc_cm,CCirc_cm(PS_N(1)),CCirc_cm(124+36088im(1)),,CCirc_cm(FarmCPU(1)),,,,0.09616,4.375
CCirc_cm.14,PstI.TP110898,10,9880843,CCirc_cm,CCirc_cm(PS_N(3)),CCirc_cm(C106+4202(1);C124+2560(2)),,CCirc_cm(FarmCPU(1)),CCirc_cm(pKWmEB(1)pLARmEB(1)),,,0.0566,13.52
CCirc_cm.15,PstI.TP1127198,11,7909,CCirc_cm,CCirc_cm(PS_N(1)),CCirc_cm(124+36088im(1)),,CCirc_cm(FarmCPU(1)),,,,0.05541,10.1
CCirc_cm.16,PstI.TP1145813,5,69264081,CCirc_cm,CCirc_cm(PS_N(1)),CCirc_cm(124+36088im(1)),,,CCirc_cm(ISIS EM-BLASSO(1)),,,0.1176,24.74
CCirc_cm.17,PstI.TP1158211,3,61619462,CCirc_cm,CCirc_cm(PS_N(1)),CCirc_cm(124+36088im(1)),,,CCirc_cm(ISIS EM-BLASSO(1)),,,0.1261,5.739
CCirc_cm.18,PstI.TP1166684,11,8202,CCirc_cm,CCirc_cm(PS_N(2)),CCirc_cm(124+36088im(2)),,,CCirc_cm(FASTmrMLM(1)pKWmEB(1)),,,0.084,12.72
CCirc_cm.19,PstI.TP1214992,3,55546977,CCirc_cm,CCirc_cm(PS_Y(1)),CCirc_cm(124+36088im(1)),,,CCirc_cm(ISIS EM-BLASSO(1)),,,0.1975,2.03
CCirc_cm.20,PstI.TP1250222,11,8799,CCirc_cm,CCirc_cm(PS_Y(4)),CCirc_cm(C124+2560(4)),,,CCirc_cm(FASTmrMLM(1)ISIS EM-BLASSO(1)pKWmEB(1)pLARmEB(1)),,,0.0513,10.51
CCirc_cm.21,PstI.TP1268585,1,2988383,CCirc_cm,CCirc_cm(PS_Y(1)),CCirc_cm(C106+4202(1)),,,CCirc_cm(mrMLM(1)),,,0.375,34.33
CCirc_cm.22,PstI.TP128846,11,1080,CCirc_cm,CCirc_cm(PS_N(2);PS_Y(2)),CCirc_cm(124+36088im(4)),,,CCirc_cm(FASTmrMLM(2)pKWmEB(2)),,,0.1092,24.66
CCirc_cm.23,PstI.TP197493,7,2953287,CCirc_cm,CCirc_cm(PS_N(1)),CCirc_cm(124+36088im(1)),,,CCirc_cm(mrMLM(1)),,,0.0342,3.428
CCirc_cm.24,PstI.TP25647,11,198,CCirc_cm,CCirc_cm(PS_N(1)),CCirc_cm(124+36088im(1)),,CCirc_cm(FarmCPU(1)),,,,0.0685,0.1229
CCirc_cm.25,PstI.TP258621,1,74361721,CCirc_cm,CCirc_cm(PS_Y(1)),CCirc_cm(C106+4202(1)),,,CCirc_cm(mrMLM(1)),,,0.08,32.04
CCirc_cm.26,PstI.TP292268,5,3450082,CCirc_cm,CCirc_cm(PS_N(1)),CCirc_cm(C116+3293(1)),,CCirc_cm(FarmCPU(1)),,,,0.07759,1.049
CCirc_cm.27,PstI.TP308053,1,8330660,CCirc_cm,CCirc_cm(PS_N(7)),CCirc_cm(C116+3293(2);C124+2560(5)),,CCirc_cm(FarmCPU(1)),CCirc_cm(FASTmrMLM(1)ISIS EM-BLASSO(1)mrMLM(2)pKWmEB(1)pLARmEB(1)),,,0.1136,15.72
CCirc_cm.28,PstI.TP315072,8,3139123,CCirc_cm,CCirc_cm(PS_N(3)),CCirc_cm(C106+4202(3)),,CCirc_cm(FarmCPU(1)),CCirc_cm(FASTmrMLM(1)pKWmEB(1)),,,0.3824,6.332
CCirc_cm.29,PstI.TP387329,9,55961556,CCirc_cm,CCirc_cm(PS_Y(1)),CCirc_cm(C124+2560(1)),CCirc_cm(CMLM+SUPER(1)),,,,,0.1855,13.41
CCirc_cm.30,PstI.TP392482,1,17611146,CCirc_cm,CCirc_cm(PS_N(3);PS_Y(1)),CCirc_cm(C106+4202(3);C116+3293(1)),,,CCirc_cm(FASTmrEMMA(2)mrMLM(2)),,,0.015,8.831
CCirc_cm.31,PstI.TP393536,1,66632271,CCirc_cm,CCirc_cm(PS_N(1)),CCirc_cm(C106+4202(1)),,CCirc_cm(FarmCPU(1)),,,,0.217,0.8616
CCirc_cm.32,PstI.TP401147,11,3119,CCirc_cm,CCirc_cm(PS_N(8);PS_Y(1)),CCirc_cm(C106+4202(3);C116+3293(4);C124+2560(2)),,CCirc_cm(FarmCPU(2)),CCirc_cm(FASTmrMLM(3)ISIS EM-BLASSO(1)mrMLM(1)pKWmEB(2)),,,0.09906,25.24
CCirc_cm.33,PstI.TP457393,1,60097068,CCirc_cm,CCirc_cm(PS_N(4)),CCirc_cm(C116+3293(1);C124+2560(3)),,,CCirc_cm(FASTmrEMMA(1)FASTmrMLM(1)mrMLM(2)),,,0.2563,32.87
CCirc_cm.34,PstI.TP458366,8,50730872,CCirc_cm,CCirc_cm(PS_N(1)),CCirc_cm(C106+4202(1)),,CCirc_cm(FarmCPU(1)),,,,0.07547,0.8657
CCirc_cm.35,PstI.TP501240,6,40247059,CCirc_cm,CCirc_cm(PS_N(3);PS_Y(1)),CCirc_cm(124+36088im(4)),,,CCirc_cm(FASTmrMLM(1)ISIS EM-BLASSO(1)pKWmEB(2)),,,0.1471,10.63
CCirc_cm.36,PstI.TP537292,1,78162057,CCirc_cm,CCirc_cm(PS_N(1)),CCirc_cm(124+36088im(1)),,,CCirc_cm(FASTmrMLM(1)),,,0.2773,4.07
CCirc_cm.37,PstI.TP55941,6,51146867,CCirc_cm,CCirc_cm(PS_Y(5)),CCirc_cm(C106+4202(3);C116+3293(1);C124+2560(1)),CCirc_cm(CMLM+SUPER(1)),,CCirc_cm(FASTmrMLM(1)ISIS EM-BLASSO(1)pKWmEB(2)),,,0.2549,18.91
CCirc_cm.38,PstI.TP584552,2,59081475,CCirc_cm,CCirc_cm(PS_N(1)),CCirc_cm(124+36088im(1)),,,CCirc_cm(mrMLM(1)),,,0.0641,16.25
CCirc_cm.39,PstI.TP63668,11,530,CCirc_cm,CCirc_cm(PS_Y(4)),CCirc_cm(C106+4202(3);C116+3293(1)),,,CCirc_cm(FASTmrMLM(1)ISIS EM-BLASSO(2)pKWmEB(1)),,,0.1741,25.65
CCirc_cm.40,PstI.TP651320,5,35481232,CCirc_cm,CCirc_cm(PS_N(1)),CCirc_cm(C106+4202(1)),,CCirc_cm(FarmCPU(1)),,,,0.2547,7.719
CCirc_cm.41,PstI.TP704244,3,50687892,CCirc_cm,CCirc_cm(PS_N(1)),CCirc_cm(C106+4202(1)),,CCirc_cm(FarmCPU(1)),,,,0.05189,10.11
CCirc_cm.42,PstI.TP770895,1,13263569,CCirc_cm,CCirc_cm(PS_Y(1)),CCirc_cm(C124+2560(1)),CCirc_cm(CMLM+SUPER(1)),,,,,0.1169,5.509
CCirc_cm.43,PstI.TP773172,3,55061314,CCirc_cm,CCirc_cm(PS_N(3);PS_Y(2)),CCirc_cm(124+36088im(5)),,,CCirc_cm(FASTmrMLM(2)mrMLM(1)pKWmEB(2)),,,0.1538,8.05
CCirc_cm.44,PstI.TP808677,11,5608,CCirc_cm,CCirc_cm(PS_Y(1)),CCirc_cm(124+36088im(1)),,,CCirc_cm(FASTmrMLM(1)),,,0.2899,8.794
CCirc_cm.45,PstI.TP814417,7,63993858,CCirc_cm,CCirc_cm(PS_N(1)),CCirc_cm(124+36088im(1)),,,CCirc_cm(mrMLM(1)),,,0.0513,13.33
CCirc_cm.46,PstI.TP875140,2,72930521,CCirc_cm,CCirc_cm(PS_Y(1)),CCirc_cm(124+36088im(1)),,,CCirc_cm(ISIS EM-BLASSO(1)),,,0.084,3.042
CCirc_cm.47,PstI.TP898259,1,79442910,CCirc_cm,CCirc_cm(PS_N(1)),CCirc_cm(124+36088im(1)),,CCirc_cm(FarmCPU(1)),,,,0.397,0.1164
CCirc_cm.48,PstI.TP942675,3,64754613,CCirc_cm,CCirc_cm(PS_N(2);PS_Y(1)),CCirc_cm(124+36088im(3)),,,CCirc_cm(FASTmrMLM(1)pKWmEB(2)),,,0.2815,2.671
CCirc_cm.49,PstI.TP982503,4,55764847,CCirc_cm,CCirc_cm(PS_N(2)),CCirc_cm(124+36088im(2)),,,CCirc_cm(FASTmrMLM(1)pKWmEB(1)),,,0.021,2.235
CCirc_cm.50,PstI.TP993272,2,58286678,CCirc_cm,CCirc_cm(PS_N(1)),CCirc_cm(C124+2560(1)),,CCirc_cm(FarmCPU(1)),,,,0.4516,23.45
CmD_BI_mm.1,NsiI.TP128897,6,56190559,CmD_BI_mm,CmD_BI_mm(PS_N(2);PS_Y(3)),CmD_BI_mm(124+36088im(5)),,,CmD_BI_mm(FASTmrMLM(1)ISIS EM-BLASSO(1)mrMLM(1)pKWmEB(2)),,,0.459,13.25
CmD_BI_mm.2,NsiI.TP165765,11,10960,CmD_BI_mm,CmD_BI_mm(PS_N(1)),CmD_BI_mm(124+36088im(1)),,CmD_BI_mm(FarmCPU(1)),,,,0.1101,1.393
CmD_BI_mm.3,NsiI.TP213158,2,67720379,CmD_BI_mm,CmD_BI_mm(PS_Y(2)),CmD_BI_mm(C124+2560(2)),,,CmD_BI_mm(FASTmrEMMA(1)pKWmEB(1)),,,0.2742,4.221
CmD_BI_mm.4,NsiI.TP424524,11,13911,CmD_BI_mm,CmD_BI_mm(PS_N(1)),CmD_BI_mm(C106+4202(1)),,CmD_BI_mm(FarmCPU(1)),,,,0.1651,9.384
CmD_BI_mm.5,NsiI.TP438910,4,67451505,CmD_BI_mm,CmD_BI_mm(PS_N(1);PS_Y(1)),CmD_BI_mm(124+36088im(2)),,,CmD_BI_mm(FASTmrMLM(1)mrMLM(1)),,,0.1885,23.5
CmD_BI_mm.6,NsiI.TP449698,11,14444,CmD_BI_mm,CmD_BI_mm(PS_Y(1)),CmD_BI_mm(124+36088im(1)),,,CmD_BI_mm(ISIS EM-BLASSO(1)),,,0.2218,1.891
CmD_BI_mm.7,NsiI.TP48486,11,9715,CmD_BI_mm,CmD_BI_mm(PS_N(2)),CmD_BI_mm(C124+2560(2)),,,CmD_BI_mm(ISIS EM-BLASSO(1)pKWmEB(1)),,,0.3306,7.279
CmD_BI_mm.8,NsiI.TP51047,2,13453548,CmD_BI_mm,CmD_BI_mm(PS_N(1)),CmD_BI_mm(C124+2560(1)),,CmD_BI_mm(FarmCPU(1)),,,,0.06452,17.78
CmD_BI_mm.9,NsiI.TP575629,4,14235179,CmD_BI_mm,CmD_BI_mm(PS_N(1)),CmD_BI_mm(124+36088im(1)),,,CmD_BI_mm(FASTmrMLM(1)),,,0.0927,0.0037
CmD_BI_mm.10,NsiI.TP578256,11,16314,CmD_BI_mm,CmD_BI_mm(PS_N(4);PS_Y(2)),CmD_BI_mm(C116+3293(6)),,CmD_BI_mm(FarmCPU(1)),CmD_BI_mm(FASTmrEMMA(1)FASTmrMLM(1)mrMLM(2)pKWmEB(1)),,,0.1579,47.55
CmD_BI_mm.11,NsiI.TP587756,11,16426,CmD_BI_mm,CmD_BI_mm(PS_Y(1)),CmD_BI_mm(124+36088im(1)),,,CmD_BI_mm(ISIS EM-BLASSO(1)),,,0.0766,8.424
CmD_BI_mm.12,NsiI.TP648509,10,41353679,CmD_BI_mm,CmD_BI_mm(PS_Y(2)),CmD_BI_mm(C124+2560(2)),,,CmD_BI_mm(FASTmrEMMA(1)mrMLM(1)),,,0.0574,4.217
CmD_BI_mm.13,NsiI.TP66555,11,9920,CmD_BI_mm,CmD_BI_mm(PS_N(1);PS_Y(1)),CmD_BI_mm(124+36088im(2)),,,CmD_BI_mm(pKWmEB(2)),,,0.1815,0
CmD_BI_mm.14,NsiI.TP701217,8,60371664,CmD_BI_mm,CmD_BI_mm(PS_N(1)),CmD_BI_mm(124+36088im(1)),,,CmD_BI_mm(pKWmEB(1)),,,0.1935,3.602
CmD_BI_mm.15,NsiI.TP713636,5,61642341,CmD_BI_mm,CmD_BI_mm(PS_Y(1)),CmD_BI_mm(124+36088im(1)),,,CmD_BI_mm(mrMLM(1)),,,0.1639,41.21
CmD_BI_mm.16,NsiI.TP717578,10,58023898,CmD_BI_mm,CmD_BI_mm(PS_N(1)),CmD_BI_mm(124+36088im(1)),,CmD_BI_mm(FarmCPU(1)),,,,0.1813,1.277
CmD_BI_mm.17,NsiI.TP765320,7,5038310,CmD_BI_mm,CmD_BI_mm(PS_N(1)),CmD_BI_mm(C106+4202(1)),,,CmD_BI_mm(mrMLM(1)),,,0.1058,29.5
CmD_BI_mm.18,NsiI.TP770913,11,18626,CmD_BI_mm,CmD_BI_mm(PS_N(1)),CmD_BI_mm(124+36088im(1)),,,CmD_BI_mm(pKWmEB(1)),,,0.0282,40.64
CmD_BI_mm.19,NsiI.TP827851,4,12330408,CmD_BI_mm,CmD_BI_mm(PS_N(2)),CmD_BI_mm(C124+2560(2)),,,CmD_BI_mm(FASTmrMLM(1)mrMLM(1)),,,0.0565,0
CmD_BI_mm.20,PstI.TP1012416,2,59610846,CmD_BI_mm,CmD_BI_mm(PS_N(1)),CmD_BI_mm(C106+4202(1)),,,CmD_BI_mm(mrMLM(1)),,,0.3558,5.46
CmD_BI_mm.21,PstI.TP1032333,3,3528771,CmD_BI_mm,CmD_BI_mm(PS_N(1)),CmD_BI_mm(C124+2560(1)),,,CmD_BI_mm(ISIS EM-BLASSO(1)),,,0.1411,5.305
CmD_BI_mm.22,PstI.TP1064534,3,1870807,CmD_BI_mm,CmD_BI_mm(PS_N(1)),CmD_BI_mm(C124+2560(1)),,CmD_BI_mm(FarmCPU(1)),,,,0.06855,1.295
CmD_BI_mm.23,PstI.TP108652,2,15963619,CmD_BI_mm,CmD_BI_mm(PS_Y(1)),CmD_BI_mm(C124+2560(1)),,,CmD_BI_mm(mrMLM(1)),,,0.3975,16.6
CmD_BI_mm.24,PstI.TP10996,6,57974096,CmD_BI_mm,CmD_BI_mm(PS_N(1);PS_Y(2)),CmD_BI_mm(C106+4202(1);C116+3293(2)),,CmD_BI_mm(FarmCPU(1)),CmD_BI_mm(ISIS EM-BLASSO(2)),,,0.1274,3.194
CmD_BI_mm.25,PstI.TP1132955,4,63683010,CmD_BI_mm,CmD_BI_mm(PS_N(1)),CmD_BI_mm(C106+4202(1)),,,CmD_BI_mm(mrMLM(1)),,,0.1971,20.04
CmD_BI_mm.26,PstI.TP1155086,9,50004653,CmD_BI_mm,CmD_BI_mm(PS_N(2)),CmD_BI_mm(C116+3293(1);C124+2560(1)),,CmD_BI_mm(FarmCPU(2)),,,,0.2371,17.98
CmD_BI_mm.27,PstI.TP1193826,11,8443,CmD_BI_mm,CmD_BI_mm(PS_Y(1)),CmD_BI_mm(124+36088im(1)),,,CmD_BI_mm(pKWmEB(1)),,,0.0363,8.211
CmD_BI_mm.28,PstI.TP1250222,11,8799,CmD_BI_mm,CmD_BI_mm(PS_Y(1)),CmD_BI_mm(C124+2560(1)),,,CmD_BI_mm(FASTmrEMMA(1)),,,0.0484,4.161
CmD_BI_mm.29,PstI.TP128846,11,1080,CmD_BI_mm,CmD_BI_mm(PS_N(1)),CmD_BI_mm(124+36088im(1)),,,CmD_BI_mm(ISIS EM-BLASSO(1)),,,0.1129,9.61
CmD_BI_mm.30,PstI.TP137261,1,5540981,CmD_BI_mm,CmD_BI_mm(PS_N(1)),CmD_BI_mm(C106+4202(1)),,CmD_BI_mm(FarmCPU(1)),,,,0.2264,5.351
CmD_BI_mm.31,PstI.TP14229,9,57790410,CmD_BI_mm,CmD_BI_mm(PS_Y(1)),CmD_BI_mm(124+36088im(1)),,,CmD_BI_mm(mrMLM(1)),,,0.168,5.638
CmD_BI_mm.32,PstI.TP188641,3,6088178,CmD_BI_mm,CmD_BI_mm(PS_N(1)),CmD_BI_mm(C106+4202(1)),,CmD_BI_mm(FarmCPU(1)),,,,0.1415,10.27
CmD_BI_mm.33,PstI.TP197570,5,51810245,CmD_BI_mm,CmD_BI_mm(PS_N(1)),CmD_BI_mm(124+36088im(1)),,CmD_BI_mm(FarmCPU(1)),,,,0.05633,7.039
CmD_BI_mm.34,PstI.TP250138,11,2033,CmD_BI_mm,CmD_BI_mm(PS_N(1)),CmD_BI_mm(124+36088im(1)),,,CmD_BI_mm(pKWmEB(1)),,,0.0605,3.799
CmD_BI_mm.35,PstI.TP324568,1,72175111,CmD_BI_mm,CmD_BI_mm(PS_N(1)),CmD_BI_mm(C116+3293(1)),,CmD_BI_mm(FarmCPU(1)),,,,0.1078,3.73
CmD_BI_mm.36,PstI.TP346744,3,52014149,CmD_BI_mm,CmD_BI_mm(PS_Y(1)),CmD_BI_mm(C116+3293(1)),,,CmD_BI_mm(ISIS EM-BLASSO(1)),,,0.2629,8.987
CmD_BI_mm.37,PstI.TP371473,10,59883760,CmD_BI_mm,CmD_BI_mm(PS_Y(1)),CmD_BI_mm(C124+2560(1)),,,CmD_BI_mm(mrMLM(1)),,,0.0164,0
CmD_BI_mm.38,PstI.TP376790,1,28681754,CmD_BI_mm,CmD_BI_mm(PS_N(1)),CmD_BI_mm(124+36088im(1)),,CmD_BI_mm(FarmCPU(1)),,,,0.2636,6.383
CmD_BI_mm.39,PstI.TP384804,2,65029446,CmD_BI_mm,CmD_BI_mm(PS_N(2);PS_Y(1)),CmD_BI_mm(C116+3293(1);C124+2560(2)),,CmD_BI_mm(FarmCPU(1)),CmD_BI_mm(pKWmEB(2)),,,0.4267,6.257
CmD_BI_mm.40,PstI.TP39944,4,3373898,CmD_BI_mm,CmD_BI_mm(PS_Y(1)),CmD_BI_mm(124+36088im(1)),,,CmD_BI_mm(ISIS EM-BLASSO(1)),,,0.2419,5.767
CmD_BI_mm.41,PstI.TP411848,11,3188,CmD_BI_mm,CmD_BI_mm(PS_N(4);PS_Y(8)),CmD_BI_mm(C106+4202(6);C116+3293(4);C124+2560(2)),,CmD_BI_mm(FarmCPU(1)),CmD_BI_mm(FASTmrEMMA(1)FASTmrMLM(3)ISIS EM-BLASSO(5)pKWmEB(2)),,,0.4764,12.15
CmD_BI_mm.42,PstI.TP433234,11,3320,CmD_BI_mm,CmD_BI_mm(PS_N(1);PS_Y(5)),CmD_BI_mm(C106+4202(4);C116+3293(1);C124+2560(1)),,,CmD_BI_mm(FASTmrEMMA(1)FASTmrMLM(1)ISIS EM-BLASSO(3)pKWmEB(1)),,,0.1724,6.012
CmD_BI_mm.43,PstI.TP433679,11,3324,CmD_BI_mm,CmD_BI_mm(PS_N(1);PS_Y(1)),CmD_BI_mm(C124+2560(2)),,,CmD_BI_mm(pKWmEB(2)),,,0.1371,3.725
CmD_BI_mm.44,PstI.TP434866,6,3914949,CmD_BI_mm,CmD_BI_mm(PS_Y(1)),CmD_BI_mm(124+36088im(1)),,,CmD_BI_mm(mrMLM(1)),,,0.1434,9.785
CmD_BI_mm.45,PstI.TP446073,7,10755390,CmD_BI_mm,CmD_BI_mm(PS_N(1)),CmD_BI_mm(C124+2560(1)),,,CmD_BI_mm(mrMLM(1)),,,0.0615,0
CmD_BI_mm.46,PstI.TP452173,2,10527282,CmD_BI_mm,CmD_BI_mm(PS_Y(2)),CmD_BI_mm(C116+3293(2)),,,CmD_BI_mm(FASTmrMLM(1)ISIS EM-BLASSO(1)),,,0.4784,14.69
CmD_BI_mm.47,PstI.TP454285,2,63153549,CmD_BI_mm,CmD_BI_mm(PS_N(1)),CmD_BI_mm(C124+2560(1)),,CmD_BI_mm(FarmCPU(1)),,,,0.06452,11.45
CmD_BI_mm.48,PstI.TP459121,1,78162835,CmD_BI_mm,CmD_BI_mm(PCA=3(1);PS_N(2)),CmD_BI_mm(C124+2560(3)),,CmD_BI_mm(FarmCPU(1)),CmD_BI_mm(ISIS EM-BLASSO(1)),CmD_BI_mm(rrBLUP(1)),,0.06855,9.603
CmD_BI_mm.49,PstI.TP474390,7,15569290,CmD_BI_mm,CmD_BI_mm(PS_N(1)),CmD_BI_mm(C124+2560(1)),,CmD_BI_mm(FarmCPU(1)),,,,0.3024,8.466
CmD_BI_mm.50,PstI.TP476886,2,55394288,CmD_BI_mm,CmD_BI_mm(PS_N(1)),CmD_BI_mm(C106+4202(1)),,CmD_BI_mm(FarmCPU(1)),,,,0.2123,17.17
CmD_BI_mm.51,PstI.TP478050,3,63462498,CmD_BI_mm,CmD_BI_mm(PS_N(1)),CmD_BI_mm(C124+2560(1)),,CmD_BI_mm(FarmCPU(1)),,,,0.06452,21.55
CmD_BI_mm.52,PstI.TP508209,11,3838,CmD_BI_mm,CmD_BI_mm(PS_N(2)),CmD_BI_mm(124+36088im(2)),,,CmD_BI_mm(ISIS EM-BLASSO(1)pKWmEB(1)),,,0.0968,9.468
CmD_BI_mm.53,PstI.TP510424,10,7091437,CmD_BI_mm,CmD_BI_mm(PS_N(1)),CmD_BI_mm(C116+3293(1)),,CmD_BI_mm(FarmCPU(1)),,,,0.1293,10.06
CmD_BI_mm.54,PstI.TP5429,2,74605041,CmD_BI_mm,CmD_BI_mm(PS_N(1)),CmD_BI_mm(124+36088im(1)),,CmD_BI_mm(FarmCPU(1)),,,,0.2011,0.7893
CmD_BI_mm.55,PstI.TP57846,4,4201581,CmD_BI_mm,CmD_BI_mm(PS_N(4)),CmD_BI_mm(C106+4202(4)),,,CmD_BI_mm(FASTmrEMMA(1)FASTmrMLM(1)ISIS EM-BLASSO(1)pKWmEB(1)),,,0.2217,44.05
CmD_BI_mm.56,PstI.TP58484,11,490,CmD_BI_mm,CmD_BI_mm(PS_Y(1)),CmD_BI_mm(124+36088im(1)),,,CmD_BI_mm(ISIS EM-BLASSO(1)),,,0.1008,4.687
CmD_BI_mm.57,PstI.TP631692,2,62659796,CmD_BI_mm,CmD_BI_mm(PS_Y(1)),CmD_BI_mm(124+36088im(1)),,,CmD_BI_mm(mrMLM(1)),,,0.3443,3.22
CmD_BI_mm.58,PstI.TP704244,3,50687892,CmD_BI_mm,CmD_BI_mm(PS_N(4)),CmD_BI_mm(124+36088im(1);C106+4202(3)),,CmD_BI_mm(FarmCPU(1)),CmD_BI_mm(FASTmrMLM(1)mrMLM(1)pKWmEB(1)),,,0.0685,14.5
CmD_BI_mm.59,PstI.TP704666,4,61217735,CmD_BI_mm,CmD_BI_mm(PS_N(1)),CmD_BI_mm(C124+2560(1)),,,CmD_BI_mm(FASTmrEMMA(1)),,,0.0403,9.675
CmD_BI_mm.60,PstI.TP705377,11,4888,CmD_BI_mm,CmD_BI_mm(PS_N(1)),CmD_BI_mm(C124+2560(1)),,CmD_BI_mm(FarmCPU(1)),,,,0.246,21.36
CmD_BI_mm.61,PstI.TP723544,9,1942972,CmD_BI_mm,CmD_BI_mm(PS_N(2);PS_Y(1)),CmD_BI_mm(124+36088im(3)),,,CmD_BI_mm(FASTmrMLM(1)mrMLM(1)pKWmEB(1)),,,0.127,5.959
CmD_BI_mm.62,PstI.TP737962,11,5096,CmD_BI_mm,CmD_BI_mm(PS_N(4)),CmD_BI_mm(C106+4202(4)),,,CmD_BI_mm(FASTmrEMMA(1)FASTmrMLM(1)ISIS EM-BLASSO(1)pKWmEB(1)),,,0.4151,14.73
CmD_BI_mm.63,PstI.TP742466,5,70851257,CmD_BI_mm,CmD_BI_mm(PS_N(1)),CmD_BI_mm(124+36088im(1)),,,CmD_BI_mm(pKWmEB(1)),,,0.0685,1.688
CmD_BI_mm.64,PstI.TP745785,6,45615805,CmD_BI_mm,CmD_BI_mm(PS_N(1)),CmD_BI_mm(C124+2560(1)),,,CmD_BI_mm(pKWmEB(1)),,,0.4234,1.07E-06
CmD_BI_mm.65,PstI.TP761935,1,22258955,CmD_BI_mm,CmD_BI_mm(PS_N(1)),CmD_BI_mm(C124+2560(1)),,CmD_BI_mm(FarmCPU(1)),,,,0.05645,17.91
CmD_BI_mm.66,PstI.TP771300,8,5124822,CmD_BI_mm,CmD_BI_mm(PS_Y(1)),CmD_BI_mm(124+36088im(1)),CmD_BI_mm(CMLM+SUPER(1)),,,,,0.186,1
CmD_BI_mm.67,PstI.TP773172,3,55061314,CmD_BI_mm,CmD_BI_mm(PS_N(2);PS_Y(2)),CmD_BI_mm(124+36088im(4)),,,CmD_BI_mm(FASTmrMLM(2)mrMLM(1)pKWmEB(1)),,,0.1475,10.7
CmD_BI_mm.68,PstI.TP789647,3,69354547,CmD_BI_mm,CmD_BI_mm(PS_N(4);PS_Y(5)),CmD_BI_mm(C116+3293(7);C124+2560(2)),,,CmD_BI_mm(FASTmrEMMA(1)FASTmrMLM(3)ISIS EM-BLASSO(2)mrMLM(1)pKWmEB(2)),,,0.3589,9.656
CmD_BI_mm.69,PstI.TP81008,11,677,CmD_BI_mm,CmD_BI_mm(PS_N(3)),CmD_BI_mm(C116+3293(1);C124+2560(2)),,,CmD_BI_mm(ISIS EM-BLASSO(2)pKWmEB(1)),,,0.3992,13.85
CmD_BI_mm.70,PstI.TP834454,11,5776,CmD_BI_mm,CmD_BI_mm(PS_N(3)),CmD_BI_mm(C124+2560(3)),,,CmD_BI_mm(FASTmrMLM(1)ISIS EM-BLASSO(1)pKWmEB(1)),,,0.0766,3.064
CmD_BI_mm.71,PstI.TP838943,3,4037471,CmD_BI_mm,CmD_BI_mm(PS_N(4);PS_Y(2)),CmD_BI_mm(124+36088im(6)),,,CmD_BI_mm(FASTmrMLM(2)ISIS EM-BLASSO(1)mrMLM(1)pKWmEB(2)),,,0.0968,11.66
CmD_BI_mm.72,PstI.TP867369,3,14568699,CmD_BI_mm,CmD_BI_mm(PS_N(1)),CmD_BI_mm(124+36088im(1)),,CmD_BI_mm(FarmCPU(1)),,,,0.06645,0.8874
CmD_BI_mm.73,PstI.TP882936,1,5999154,CmD_BI_mm,CmD_BI_mm(PS_N(1);PS_Y(3)),CmD_BI_mm(124+36088im(4)),,,CmD_BI_mm(FASTmrMLM(2)mrMLM(1)pKWmEB(1)),,,0.25,10.34
CmD_BI_mm.74,PstI.TP887302,7,10269451,CmD_BI_mm,CmD_BI_mm(PS_Y(1)),CmD_BI_mm(124+36088im(1)),,,CmD_BI_mm(mrMLM(1)),,,0.2623,4.574
CmD_BI_mm.75,PstI.TP94792,1,731905,CmD_BI_mm,CmD_BI_mm(PS_Y(1)),CmD_BI_mm(124+36088im(1)),,,CmD_BI_mm(FASTmrMLM(1)),,,0.3065,2.927
CmD_BI_mm.76,PstI.TP998491,2,14521096,CmD_BI_mm,CmD_BI_mm(PS_N(1)),CmD_BI_mm(C106+4202(1)),,,CmD_BI_mm(ISIS EM-BLASSO(1)),,,0.2689,6.008
CmD_LI_mm.1,GFSSContig17265_1038,6,49927748,CmD_LI_mm,CmD_LI_mm(PS_N(1);PS_Y(1)),CmD_LI_mm(124+36088im(2)),,,CmD_LI_mm(mrMLM(2)),,,0.1516,21.62
CmD_LI_mm.2,NsiI.TP331606,1,21598230,CmD_LI_mm,CmD_LI_mm(PS_N(1)),CmD_LI_mm(124+36088im(1)),,CmD_LI_mm(FarmCPU(1)),,,,0.2298,0.7735
CmD_LI_mm.3,NsiI.TP41841,2,74627859,CmD_LI_mm,CmD_LI_mm(PS_N(1)),CmD_LI_mm(124+36088im(1)),,,CmD_LI_mm(FASTmrMLM(1)),,,0.0806,3.098
CmD_LI_mm.4,NsiI.TP471156,6,43353284,CmD_LI_mm,CmD_LI_mm(PS_Y(1)),CmD_LI_mm(124+36088im(1)),,,CmD_LI_mm(mrMLM(1)),,,0.041,15.91
CmD_LI_mm.5,NsiI.TP482576,11,14924,CmD_LI_mm,CmD_LI_mm(PS_Y(1)),CmD_LI_mm(C106+4202(1)),,,CmD_LI_mm(FASTmrEMMA(1)),,,0.033,6.317
CmD_LI_mm.6,NsiI.TP488716,5,5554725,CmD_LI_mm,CmD_LI_mm(PS_N(1)),CmD_LI_mm(124+36088im(1)),,CmD_LI_mm(FarmCPU(1)),,,,0.2188,3.959
CmD_LI_mm.7,NsiI.TP506284,1,75748041,CmD_LI_mm,CmD_LI_mm(PS_N(1)),CmD_LI_mm(124+36088im(1)),,,CmD_LI_mm(mrMLM(1)),,,0.25,13.2
CmD_LI_mm.8,NsiI.TP576208,1,19994793,CmD_LI_mm,CmD_LI_mm(PS_N(1)),CmD_LI_mm(124+36088im(1)),,,CmD_LI_mm(ISIS EM-BLASSO(1)),,,0.1411,7.015
CmD_LI_mm.9,NsiI.TP578256,11,16314,CmD_LI_mm,CmD_LI_mm(PS_N(1)),CmD_LI_mm(C116+3293(1)),,,CmD_LI_mm(pKWmEB(1)),,,0.1552,19.52
CmD_LI_mm.10,NsiI.TP648509,10,41353679,CmD_LI_mm,CmD_LI_mm(PS_N(1)),CmD_LI_mm(C124+2560(1)),,CmD_LI_mm(FarmCPU(1)),,,,0.05645,5.056
CmD_LI_mm.11,NsiI.TP66555,11,9920,CmD_LI_mm,CmD_LI_mm(PS_N(2);PS_Y(3)),CmD_LI_mm(124+36088im(5)),,,CmD_LI_mm(FASTmrMLM(2)ISIS EM-BLASSO(1)pKWmEB(2)),,,0.1815,0
CmD_LI_mm.12,NsiI.TP717578,10,58023898,CmD_LI_mm,CmD_LI_mm(PS_N(1)),CmD_LI_mm(124+36088im(1)),,CmD_LI_mm(FarmCPU(1)),,,,0.1813,0.7682
CmD_LI_mm.13,NsiI.TP741199,2,59555953,CmD_LI_mm,CmD_LI_mm(PS_N(1)),CmD_LI_mm(124+36088im(1)),,,CmD_LI_mm(mrMLM(1)),,,0.2008,5.383
CmD_LI_mm.14,NsiI.TP741991,2,65962511,CmD_LI_mm,CmD_LI_mm(PS_N(1)),CmD_LI_mm(124+36088im(1)),,,CmD_LI_mm(ISIS EM-BLASSO(1)),,,0.0968,8.641
CmD_LI_mm.15,NsiI.TP766057,7,61710211,CmD_LI_mm,CmD_LI_mm(PS_N(1)),CmD_LI_mm(C124+2560(1)),,CmD_LI_mm(FarmCPU(1)),,,,0.1048,0.3222
CmD_LI_mm.16,NsiI.TP769756,1,9322002,CmD_LI_mm,CmD_LI_mm(PS_Y(1)),CmD_LI_mm(C116+3293(1)),,,CmD_LI_mm(FASTmrEMMA(1)),,,0.0129,10.83
CmD_LI_mm.17,NsiI.TP810561,2,61303139,CmD_LI_mm,CmD_LI_mm(PS_N(1)),CmD_LI_mm(124+36088im(1)),,CmD_LI_mm(FarmCPU(1)),,,,0.4736,2.743
CmD_LI_mm.18,NsiI.TP832364,1,76203935,CmD_LI_mm,CmD_LI_mm(PS_Y(1)),CmD_LI_mm(C106+4202(1)),,,CmD_LI_mm(pKWmEB(1)),,,0.0943,0
CmD_LI_mm.19,PstI.TP10552,11,79,CmD_LI_mm,CmD_LI_mm(PS_Y(1)),CmD_LI_mm(124+36088im(1)),,,CmD_LI_mm(ISIS EM-BLASSO(1)),,,0.1694,14.55
CmD_LI_mm.20,PstI.TP10996,6,57974096,CmD_LI_mm,CmD_LI_mm(PS_N(1)),CmD_LI_mm(C116+3293(1)),,CmD_LI_mm(FarmCPU(1)),,,,0.1207,1.857
CmD_LI_mm.21,PstI.TP1151011,11,8080,CmD_LI_mm,CmD_LI_mm(PS_N(1)),CmD_LI_mm(124+36088im(1)),,,CmD_LI_mm(pKWmEB(1)),,,0.1976,14.4
CmD_LI_mm.22,PstI.TP1154493,2,47054143,CmD_LI_mm,CmD_LI_mm(PS_N(1)),CmD_LI_mm(124+36088im(1)),,,CmD_LI_mm(mrMLM(1)),,,0.2705,23.21
CmD_LI_mm.23,PstI.TP117081,2,45986549,CmD_LI_mm,CmD_LI_mm(PS_N(3)),CmD_LI_mm(C106+4202(1);C124+2560(2)),,,CmD_LI_mm(FASTmrMLM(1)mrMLM(2)),,,0.0902,47.45
CmD_LI_mm.24,PstI.TP1181476,5,2299991,CmD_LI_mm,CmD_LI_mm(PS_N(3)),CmD_LI_mm(C116+3293(1);C124+2560(2)),,,CmD_LI_mm(ISIS EM-BLASSO(2)pKWmEB(1)),,,0.2284,3.822
CmD_LI_mm.25,PstI.TP1193013,6,60825902,CmD_LI_mm,CmD_LI_mm(PS_N(1)),CmD_LI_mm(C106+4202(1)),,CmD_LI_mm(FarmCPU(1)),,,,0.1132,9.211
CmD_LI_mm.26,PstI.TP1248844,8,1028461,CmD_LI_mm,CmD_LI_mm(PS_N(1);PS_Y(2)),CmD_LI_mm(124+36088im(3)),,,CmD_LI_mm(FASTmrMLM(2)pKWmEB(1)),,,0.1613,19.26
CmD_LI_mm.27,PstI.TP126085,6,60503682,CmD_LI_mm,CmD_LI_mm(PS_Y(2)),CmD_LI_mm(124+36088im(2)),,,CmD_LI_mm(FASTmrMLM(1)ISIS EM-BLASSO(1)),,,0.1008,17.25
CmD_LI_mm.28,PstI.TP1268841,11,8938,CmD_LI_mm,CmD_LI_mm(PS_N(1)),CmD_LI_mm(124+36088im(1)),,,CmD_LI_mm(FASTmrMLM(1)),,,0.1371,12.04
CmD_LI_mm.29,PstI.TP139651,2,69224467,CmD_LI_mm,CmD_LI_mm(PS_N(1)),CmD_LI_mm(C106+4202(1)),,CmD_LI_mm(FarmCPU(1)),,,,0.08962,0.6118
CmD_LI_mm.30,PstI.TP142256,11,1187,CmD_LI_mm,CmD_LI_mm(PS_N(1)),CmD_LI_mm(124+36088im(1)),,CmD_LI_mm(FarmCPU(1)),,,,0.2623,0.2309
CmD_LI_mm.31,PstI.TP154137,9,46091568,CmD_LI_mm,CmD_LI_mm(PS_N(1)),CmD_LI_mm(124+36088im(1)),,CmD_LI_mm(FarmCPU(1)),,,,0.09495,1.905
CmD_LI_mm.32,PstI.TP18098,2,23769344,CmD_LI_mm,CmD_LI_mm(PS_N(2)),CmD_LI_mm(C116+3293(2)),,,CmD_LI_mm(FASTmrMLM(1)mrMLM(1)),,,0.0833,0
CmD_LI_mm.33,PstI.TP217994,4,61088428,CmD_LI_mm,CmD_LI_mm(PS_N(2)),CmD_LI_mm(124+36088im(2)),,,CmD_LI_mm(FASTmrMLM(1)mrMLM(1)),,,0.0533,21.36
CmD_LI_mm.34,PstI.TP262331,2,4692065,CmD_LI_mm,CmD_LI_mm(PS_N(1)),CmD_LI_mm(124+36088im(1)),,CmD_LI_mm(FarmCPU(1)),,,,0.08847,4.23
CmD_LI_mm.35,PstI.TP290055,8,16103749,CmD_LI_mm,CmD_LI_mm(PS_N(1)),CmD_LI_mm(C106+4202(1)),,,CmD_LI_mm(FASTmrEMMA(1)),,,0.0189,8.06
CmD_LI_mm.36,PstI.TP299726,9,2970040,CmD_LI_mm,CmD_LI_mm(PS_N(1)),CmD_LI_mm(C106+4202(1)),,CmD_LI_mm(FarmCPU(1)),,,,0.06604,1.01
CmD_LI_mm.37,PstI.TP315072,8,3139123,CmD_LI_mm,CmD_LI_mm(PS_N(1)),CmD_LI_mm(C106+4202(1)),,CmD_LI_mm(FarmCPU(1)),,,,0.3774,5.592
CmD_LI_mm.38,PstI.TP376790,1,28681754,CmD_LI_mm,CmD_LI_mm(PS_N(1)),CmD_LI_mm(124+36088im(1)),,CmD_LI_mm(FarmCPU(1)),,,,0.2636,3.576
CmD_LI_mm.39,PstI.TP411848,11,3188,CmD_LI_mm,CmD_LI_mm(PS_Y(5)),CmD_LI_mm(C106+4202(3);C116+3293(1);C124+2560(1)),,,CmD_LI_mm(FASTmrMLM(1)ISIS EM-BLASSO(1)pKWmEB(2)pLARmEB(1)),,,0.4856,20.4
CmD_LI_mm.40,PstI.TP433234,11,3320,CmD_LI_mm,CmD_LI_mm(PS_Y(2)),CmD_LI_mm(C106+4202(2)),,,CmD_LI_mm(FASTmrMLM(1)pKWmEB(1)),,,0.1651,0.6827
CmD_LI_mm.41,PstI.TP457393,1,60097068,CmD_LI_mm,CmD_LI_mm(PS_N(6)),CmD_LI_mm(C116+3293(2);C124+2560(4)),,CmD_LI_mm(FarmCPU(1)),CmD_LI_mm(FASTmrEMMA(2)FASTmrMLM(1)mrMLM(2)),,,0.246,30.46
CmD_LI_mm.42,PstI.TP47447,1,12743038,CmD_LI_mm,CmD_LI_mm(PS_N(1);PS_Y(3)),CmD_LI_mm(124+36088im(4)),,,CmD_LI_mm(FASTmrMLM(1)ISIS EM-BLASSO(1)pKWmEB(2)),,,0.129,16.38
CmD_LI_mm.43,PstI.TP476886,2,55394288,CmD_LI_mm,CmD_LI_mm(PS_N(1)),CmD_LI_mm(C106+4202(1)),,,CmD_LI_mm(mrMLM(1)),,,0.2115,0
CmD_LI_mm.44,PstI.TP513843,3,2577255,CmD_LI_mm,CmD_LI_mm(PS_N(1)),CmD_LI_mm(C106+4202(1)),,,CmD_LI_mm(FASTmrMLM(1)),,,0.3208,5.058
CmD_LI_mm.45,PstI.TP55941,6,51146867,CmD_LI_mm,CmD_LI_mm(PS_Y(1)),CmD_LI_mm(C106+4202(1)),,,CmD_LI_mm(ISIS EM-BLASSO(1)),,,0.2547,7.24
CmD_LI_mm.46,PstI.TP58484,11,490,CmD_LI_mm,CmD_LI_mm(PS_N(1)),CmD_LI_mm(124+36088im(1)),,,CmD_LI_mm(pKWmEB(1)),,,0.1008,2.101
CmD_LI_mm.47,PstI.TP6058,11,37,CmD_LI_mm,CmD_LI_mm(PS_N(1)),CmD_LI_mm(C124+2560(1)),,,CmD_LI_mm(FASTmrMLM(1)),,,0.0766,20.08
CmD_LI_mm.48,PstI.TP646910,11,4558,CmD_LI_mm,CmD_LI_mm(PS_N(1)),CmD_LI_mm(C106+4202(1)),,CmD_LI_mm(FarmCPU(1)),,,,0.06132,2.403
CmD_LI_mm.49,PstI.TP651715,10,58956886,CmD_LI_mm,CmD_LI_mm(PS_Y(1)),CmD_LI_mm(C106+4202(1)),,,CmD_LI_mm(pKWmEB(1)),,,0.2547,6.281
CmD_LI_mm.50,PstI.TP704244,3,50687892,CmD_LI_mm,CmD_LI_mm(PS_N(1)),CmD_LI_mm(C106+4202(1)),,CmD_LI_mm(FarmCPU(1)),,,,0.05189,12.16
CmD_LI_mm.51,PstI.TP710636,6,45894338,CmD_LI_mm,CmD_LI_mm(PS_N(4)),CmD_LI_mm(C116+3293(1);C124+2560(3)),,CmD_LI_mm(FarmCPU(1)),CmD_LI_mm(ISIS EM-BLASSO(1)pKWmEB(1)pLARmEB(1)),,,0.194,49.65
CmD_LI_mm.52,PstI.TP736503,1,2979376,CmD_LI_mm,CmD_LI_mm(PS_Y(1)),CmD_LI_mm(124+36088im(1)),,,CmD_LI_mm(mrMLM(1)),,,0.2377,7.877
CmD_LI_mm.53,PstI.TP737962,11,5096,CmD_LI_mm,CmD_LI_mm(PS_N(3)),CmD_LI_mm(C106+4202(3)),,,CmD_LI_mm(FASTmrEMMA(1)FASTmrMLM(1)ISIS EM-BLASSO(1)),,,0.4151,13.93
CmD_LI_mm.54,PstI.TP773172,3,55061314,CmD_LI_mm,CmD_LI_mm(PS_N(1)),CmD_LI_mm(124+36088im(1)),,,CmD_LI_mm(mrMLM(1)),,,0.1475,2.965
CmD_LI_mm.55,PstI.TP774504,4,7549373,CmD_LI_mm,CmD_LI_mm(PS_Y(2)),CmD_LI_mm(C106+4202(2)),,,CmD_LI_mm(FASTmrMLM(1)pKWmEB(1)),,,0.283,3.312
CmD_LI_mm.56,PstI.TP774963,6,1911989,CmD_LI_mm,CmD_LI_mm(PS_Y(1)),CmD_LI_mm(C106+4202(1)),,,CmD_LI_mm(ISIS EM-BLASSO(1)),,,0.1698,20.42
CmD_LI_mm.57,PstI.TP789647,3,69354547,CmD_LI_mm,CmD_LI_mm(PS_Y(5)),CmD_LI_mm(C116+3293(3);C124+2560(2)),,,CmD_LI_mm(FASTmrMLM(2)ISIS EM-BLASSO(1)pKWmEB(2)),,,0.3589,5.791
CmD_LI_mm.58,PstI.TP81008,11,677,CmD_LI_mm,CmD_LI_mm(PS_N(2)),CmD_LI_mm(C124+2560(2)),,,CmD_LI_mm(ISIS EM-BLASSO(1)pKWmEB(1)),,,0.3992,7.921
CmD_LI_mm.59,PstI.TP816953,11,5653,CmD_LI_mm,CmD_LI_mm(PS_Y(1)),CmD_LI_mm(124+36088im(1)),,,CmD_LI_mm(ISIS EM-BLASSO(1)),,,0.3145,4.176
CmD_LI_mm.60,PstI.TP840679,6,49388605,CmD_LI_mm,CmD_LI_mm(PS_N(3)),CmD_LI_mm(124+36088im(3)),,,CmD_LI_mm(FASTmrMLM(1)ISIS EM-BLASSO(1)mrMLM(1)),,,0.0685,9.28
CmD_LI_mm.61,PstI.TP84880,1,63680478,CmD_LI_mm,CmD_LI_mm(PS_N(1)),CmD_LI_mm(C106+4202(1)),,CmD_LI_mm(FarmCPU(1)),,,,0.1462,17.18
CmD_LI_mm.62,PstI.TP852023,4,51121423,CmD_LI_mm,CmD_LI_mm(PS_N(1)),CmD_LI_mm(C106+4202(1)),,,CmD_LI_mm(FASTmrMLM(1)),,,0.0708,6.049
CmD_LI_mm.63,PstI.TP906726,3,3716611,CmD_LI_mm,CmD_LI_mm(PS_N(1)),CmD_LI_mm(C124+2560(1)),,CmD_LI_mm(FarmCPU(1)),,,,0.06048,2.901
CmD_LI_mm.64,PstI.TP961110,1,65184135,CmD_LI_mm,CmD_LI_mm(PS_N(3)),CmD_LI_mm(C106+4202(1);C116+3293(1);C124+2560(1)),,CmD_LI_mm(FarmCPU(3)),,,,0.1604,1.236
CmD_LI_mm.65,PstI.TP96720,6,38025522,CmD_LI_mm,CmD_LI_mm(PS_Y(1)),CmD_LI_mm(124+36088im(1)),,,CmD_LI_mm(mrMLM(1)),,,0.4426,7.675
CmDW_g.1,NsiI.TP127922,4,54754163,CmDW_g,CmDW_g(PS_N(1)),CmDW_g(124+36088im(1)),,CmDW_g(FarmCPU(1)),,,,0.1785,1.984
CmDW_g.2,NsiI.TP128897,6,56190559,CmDW_g,CmDW_g(PS_N(1)),CmDW_g(124+36088im(1)),,,CmDW_g(pKWmEB(1)),,,0.4556,4.294
CmDW_g.3,NsiI.TP423584,2,57602883,CmDW_g,CmDW_g(PS_N(1)),CmDW_g(124+36088im(1)),,CmDW_g(FarmCPU(1)),,,,0.06036,0.0898
CmDW_g.4,NsiI.TP46196,1,57778864,CmDW_g,CmDW_g(PS_N(1)),CmDW_g(124+36088im(1)),,CmDW_g(FarmCPU(1)),,,,0.1229,0.184
CmDW_g.5,NsiI.TP488601,1,6409370,CmDW_g,CmDW_g(PS_N(1)),CmDW_g(C124+2560(1)),,,CmDW_g(pKWmEB(1)),,,0.2984,3.521
CmDW_g.6,NsiI.TP506284,1,75748041,CmDW_g,CmDW_g(PS_N(1)),CmDW_g(124+36088im(1)),,,CmDW_g(mrMLM(1)),,,0.25,10.59
CmDW_g.7,NsiI.TP571832,2,63804104,CmDW_g,CmDW_g(PS_Y(1)),CmDW_g(124+36088im(1)),,,CmDW_g(mrMLM(1)),,,0.2418,10.27
CmDW_g.8,NsiI.TP575629,4,14235179,CmDW_g,CmDW_g(PS_N(1)),CmDW_g(124+36088im(1)),,,CmDW_g(FASTmrMLM(1)),,,0.0927,0.9351
CmDW_g.9,NsiI.TP576208,1,19994793,CmDW_g,CmDW_g(PS_N(1)),CmDW_g(124+36088im(1)),,,CmDW_g(ISIS EM-BLASSO(1)),,,0.1411,7.394
CmDW_g.10,NsiI.TP578256,11,16314,CmDW_g,CmDW_g(PS_N(2)),CmDW_g(C116+3293(2)),,,CmDW_g(ISIS EM-BLASSO(1)pKWmEB(1)),,,0.1552,33.81
CmDW_g.11,NsiI.TP608372,9,152998,CmDW_g,CmDW_g(PS_N(1)),CmDW_g(124+36088im(1)),,CmDW_g(FarmCPU(1)),,,,0.1527,5.705
CmDW_g.12,NsiI.TP648509,10,41353679,CmDW_g,CmDW_g(PS_N(5)),CmDW_g(C116+3293(2);C124+2560(3)),,CmDW_g(FarmCPU(1)),CmDW_g(FASTmrEMMA(2)mrMLM(2)),,,0.0574,12.98
CmDW_g.13,NsiI.TP66555,11,9920,CmDW_g,CmDW_g(PS_N(4);PS_Y(2)),CmDW_g(124+36088im(6)),,,CmDW_g(FASTmrMLM(2)ISIS EM-BLASSO(1)mrMLM(1)pKWmEB(2)),,,0.1844,0
CmDW_g.14,NsiI.TP713435,11,17915,CmDW_g,CmDW_g(PS_N(2)),CmDW_g(124+36088im(2)),,,CmDW_g(FASTmrMLM(1)pKWmEB(1)),,,0.0806,1.737
CmDW_g.15,NsiI.TP715620,11,17946,CmDW_g,CmDW_g(PS_N(1)),CmDW_g(124+36088im(1)),,,CmDW_g(ISIS EM-BLASSO(1)),,,0.2661,12.23
CmDW_g.16,NsiI.TP717913,4,57224161,CmDW_g,CmDW_g(PS_N(1)),CmDW_g(124+36088im(1)),,,CmDW_g(FASTmrMLM(1)),,,0.1734,14.05
CmDW_g.17,NsiI.TP810561,2,61303139,CmDW_g,CmDW_g(PS_N(1)),CmDW_g(124+36088im(1)),,CmDW_g(FarmCPU(1)),,,,0.4736,2.323
CmDW_g.18,NsiI.TP827851,4,12330408,CmDW_g,CmDW_g(PS_N(2)),CmDW_g(C124+2560(2)),,CmDW_g(FarmCPU(1)),CmDW_g(mrMLM(1)),,,0.05645,20.47
CmDW_g.19,NsiI.TP89701,4,63161916,CmDW_g,CmDW_g(PS_N(2)),CmDW_g(124+36088im(2)),,CmDW_g(FarmCPU(1)),CmDW_g(FASTmrMLM(1)),,,0.313,21.73
CmDW_g.20,PstI.TP1083673,7,56447700,CmDW_g,CmDW_g(PS_Y(3)),CmDW_g(C106+4202(3)),,,CmDW_g(FASTmrMLM(1)pKWmEB(1)pLARmEB(1)),,,0.4245,9.756
CmDW_g.21,PstI.TP1089091,11,7602,CmDW_g,CmDW_g(PS_N(1)),CmDW_g(124+36088im(1)),,CmDW_g(FarmCPU(1)),,,,0.1379,5.751
CmDW_g.22,PstI.TP10996,6,57974096,CmDW_g,CmDW_g(PCA=3(1);PS_N(1);PS_Y(1)),CmDW_g(C116+3293(3)),,CmDW_g(FarmCPU(1)),CmDW_g(pKWmEB(1)),CmDW_g(rrBLUP(1)),,0.1207,2.581
CmDW_g.23,PstI.TP110898,10,9880843,CmDW_g,CmDW_g(PS_Y(2)),CmDW_g(C106+4202(1);C124+2560(1)),,,CmDW_g(ISIS EM-BLASSO(2)),,,0.0566,13.2
CmDW_g.24,PstI.TP1148558,2,62049812,CmDW_g,CmDW_g(PS_N(1)),CmDW_g(C116+3293(1)),,CmDW_g(FarmCPU(1)),,,,0.05172,17.13
CmDW_g.25,PstI.TP1155086,9,50004653,CmDW_g,CmDW_g(PS_N(2)),CmDW_g(C116+3293(1);C124+2560(1)),,CmDW_g(FarmCPU(2)),,,,0.2371,20.49
CmDW_g.26,PstI.TP117838,10,54500517,CmDW_g,CmDW_g(PS_N(1)),CmDW_g(124+36088im(1)),,,CmDW_g(mrMLM(1)),,,0.209,21.31
CmDW_g.27,PstI.TP1181476,5,2299991,CmDW_g,CmDW_g(PS_N(2)),CmDW_g(C116+3293(1);C124+2560(1)),,,CmDW_g(ISIS EM-BLASSO(2)),,,0.2284,2.57
CmDW_g.28,PstI.TP1249212,3,58498950,CmDW_g,CmDW_g(PS_N(1)),CmDW_g(124+36088im(1)),,,CmDW_g(pKWmEB(1)),,,0.1573,7.868
CmDW_g.29,PstI.TP128846,11,1080,CmDW_g,CmDW_g(PS_N(1)),CmDW_g(124+36088im(1)),,,CmDW_g(FASTmrMLM(1)),,,0.1129,14.46
CmDW_g.30,PstI.TP134453,2,61861955,CmDW_g,CmDW_g(PS_Y(1)),CmDW_g(124+36088im(1)),,,CmDW_g(mrMLM(1)),,,0.4303,5.746
CmDW_g.31,PstI.TP139937,2,66298184,CmDW_g,CmDW_g(PS_N(1)),CmDW_g(124+36088im(1)),,,CmDW_g(ISIS EM-BLASSO(1)),,,0.379,2.531
CmDW_g.32,PstI.TP160694,9,55685356,CmDW_g,CmDW_g(PS_N(1)),CmDW_g(124+36088im(1)),,CmDW_g(FarmCPU(1)),,,,0.05884,1.722
CmDW_g.33,PstI.TP217994,4,61088428,CmDW_g,CmDW_g(PS_N(2)),CmDW_g(124+36088im(2)),,,CmDW_g(FASTmrMLM(1)mrMLM(1)),,,0.0533,20.55
CmDW_g.34,PstI.TP226277,10,60979471,CmDW_g,CmDW_g(PS_Y(1)),CmDW_g(124+36088im(1)),,,CmDW_g(mrMLM(1)),,,0.0369,3.728
CmDW_g.35,PstI.TP299726,9,2970040,CmDW_g,CmDW_g(PS_Y(5)),CmDW_g(C106+4202(5)),,,CmDW_g(FASTmrMLM(1)ISIS EM-BLASSO(1)mrMLM(1)pKWmEB(1)pLARmEB(1)),,,0.066,31.22
CmDW_g.36,PstI.TP339945,11,2686,CmDW_g,CmDW_g(PS_N(1)),CmDW_g(C106+4202(1)),,,CmDW_g(FASTmrEMMA(1)),,,0.0613,7.505
CmDW_g.37,PstI.TP350262,8,2905616,CmDW_g,CmDW_g(PS_N(1)),CmDW_g(C124+2560(1)),,CmDW_g(FarmCPU(1)),,,,0.4839,1.015
CmDW_g.38,PstI.TP374511,1,3576636,CmDW_g,CmDW_g(PS_Y(1)),CmDW_g(C106+4202(1)),CmDW_g(CMLM+SUPER(1)),,,,,0.1368,1.076
CmDW_g.39,PstI.TP384804,2,65029446,CmDW_g,CmDW_g(PS_N(1)),CmDW_g(C124+2560(1)),,CmDW_g(FarmCPU(1)),,,,0.4194,0.001305
CmDW_g.40,PstI.TP402429,1,4990016,CmDW_g,CmDW_g(PS_N(1)),CmDW_g(C106+4202(1)),,CmDW_g(FarmCPU(1)),,,,0.07075,1.699
CmDW_g.41,PstI.TP411848,11,3188,CmDW_g,CmDW_g(PS_N(5);PS_Y(16)),CmDW_g(C106+4202(10);C116+3293(4);C124+2560(7)),CmDW_g(CMLM+SUPER(1)),,CmDW_g(FASTmrEMMA(3)FASTmrMLM(4)ISIS EM-BLASSO(5)mrMLM(2)pKWmEB(5)pLARmEB(1)),,,0.4856,18.8
CmDW_g.42,PstI.TP433679,11,3324,CmDW_g,CmDW_g(PS_N(2)),CmDW_g(C124+2560(2)),,,CmDW_g(ISIS EM-BLASSO(1)pKWmEB(1)),,,0.1371,4.192
CmDW_g.43,PstI.TP457393,1,60097068,CmDW_g,CmDW_g(PS_N(9)),CmDW_g(C116+3293(5);C124+2560(4)),,CmDW_g(FarmCPU(1)),CmDW_g(FASTmrEMMA(2)FASTmrMLM(2)ISIS EM-BLASSO(1)mrMLM(2)pKWmEB(1)),,,0.246,37.86
CmDW_g.44,PstI.TP459121,1,78162835,CmDW_g,CmDW_g(PCA=3(1);PS_N(2)),CmDW_g(C124+2560(3)),,CmDW_g(FarmCPU(1)),CmDW_g(pKWmEB(1)),CmDW_g(rrBLUP(1)),,0.06855,9.911
CmDW_g.45,PstI.TP47447,1,12743038,CmDW_g,CmDW_g(PS_N(1);PS_Y(2)),CmDW_g(124+36088im(3)),,,CmDW_g(ISIS EM-BLASSO(1)mrMLM(2)),,,0.1311,13.22
CmDW_g.46,PstI.TP492299,11,3739,CmDW_g,CmDW_g(PS_Y(1)),CmDW_g(124+36088im(1)),,,CmDW_g(ISIS EM-BLASSO(1)),,,0.0605,0.6827
CmDW_g.47,PstI.TP577552,2,61335361,CmDW_g,CmDW_g(PS_Y(1)),CmDW_g(C106+4202(1)),,,CmDW_g(FASTmrEMMA(1)),,,0.0283,12.89
CmDW_g.48,PstI.TP57846,4,4201581,CmDW_g,CmDW_g(PS_N(7)),CmDW_g(C106+4202(4);C116+3293(1);C124+2560(2)),,,CmDW_g(FASTmrMLM(1)ISIS EM-BLASSO(3)mrMLM(1)pKWmEB(2)),,,0.2298,42.98
CmDW_g.49,PstI.TP58484,11,490,CmDW_g,CmDW_g(PS_N(1)),CmDW_g(124+36088im(1)),,,CmDW_g(FASTmrMLM(1)),,,0.1008,2.498
CmDW_g.50,PstI.TP701332,3,60121147,CmDW_g,CmDW_g(PS_N(1)),CmDW_g(124+36088im(1)),,CmDW_g(FarmCPU(1)),,,,0.06618,1.84
CmDW_g.51,PstI.TP704244,3,50687892,CmDW_g,CmDW_g(PS_N(1)),CmDW_g(C106+4202(1)),,CmDW_g(FarmCPU(1)),,,,0.05189,10.3
CmDW_g.52,PstI.TP723544,9,1942972,CmDW_g,CmDW_g(PCA=3(1);PS_N(1);PS_Y(4)),CmDW_g(124+36088im(6)),,,CmDW_g(FASTmrMLM(1)ISIS EM-BLASSO(1)mrMLM(2)pKWmEB(1)),CmDW_g(rrBLUP(1)),,0.127,11.49
CmDW_g.53,PstI.TP737962,11,5096,CmDW_g,CmDW_g(PS_N(6);PS_Y(1)),CmDW_g(C106+4202(7)),,CmDW_g(FarmCPU(1)),CmDW_g(FASTmrEMMA(1)FASTmrMLM(1)ISIS EM-BLASSO(1)mrMLM(1)pKWmEB(2)),,,0.4183,24
CmDW_g.54,PstI.TP742466,5,70851257,CmDW_g,CmDW_g(PS_N(1);PS_Y(2)),CmDW_g(124+36088im(3)),,,CmDW_g(FASTmrMLM(1)ISIS EM-BLASSO(1)pKWmEB(1)),,,0.0685,3.203
CmDW_g.55,PstI.TP773172,3,55061314,CmDW_g,CmDW_g(PS_N(1);PS_Y(2)),CmDW_g(124+36088im(3)),,,CmDW_g(FASTmrMLM(1)ISIS EM-BLASSO(1)mrMLM(1)),,,0.1475,4.743
CmDW_g.56,PstI.TP789647,3,69354547,CmDW_g,CmDW_g(PS_Y(4)),CmDW_g(C116+3293(3);C124+2560(1)),,,CmDW_g(FASTmrEMMA(1)FASTmrMLM(1)ISIS EM-BLASSO(2)),,,0.3589,5.38
CmDW_g.57,PstI.TP790069,2,699673,CmDW_g,CmDW_g(PS_N(2)),CmDW_g(C124+2560(2)),,,CmDW_g(ISIS EM-BLASSO(1)pKWmEB(1)),,,0.2621,27.61
CmDW_g.58,PstI.TP805461,1,71344044,CmDW_g,CmDW_g(PS_N(1)),CmDW_g(C116+3293(1)),,CmDW_g(FarmCPU(1)),,,,0.4224,0.8452
CmDW_g.59,PstI.TP834454,11,5776,CmDW_g,CmDW_g(PS_N(1)),CmDW_g(C116+3293(1)),,,CmDW_g(FASTmrMLM(1)),,,0.0776,1.809
CmDW_g.60,PstI.TP834967,11,5782,CmDW_g,CmDW_g(PS_N(1)),CmDW_g(124+36088im(1)),,,CmDW_g(pKWmEB(1)),,,0.1653,5.965
CmDW_g.61,PstI.TP838943,3,4037471,CmDW_g,CmDW_g(PS_N(2)),CmDW_g(124+36088im(2)),,,CmDW_g(ISIS EM-BLASSO(1)pKWmEB(1)),,,0.0968,4.065
CmDW_g.62,PstI.TP840679,6,49388605,CmDW_g,CmDW_g(PS_N(1)),CmDW_g(124+36088im(1)),,,CmDW_g(mrMLM(1)),,,0.0615,5.444
CmDW_g.63,PstI.TP844985,2,58637331,CmDW_g,CmDW_g(PS_N(1)),CmDW_g(C124+2560(1)),,CmDW_g(FarmCPU(1)),,,,0.09677,0.4444
CmDW_g.64,PstI.TP852023,4,51121423,CmDW_g,CmDW_g(PS_N(1)),CmDW_g(C106+4202(1)),,,CmDW_g(FASTmrMLM(1)),,,0.0708,2.515
CmDW_g.65,PstI.TP856013,11,5962,CmDW_g,CmDW_g(PS_Y(1)),CmDW_g(C106+4202(1)),CmDW_g(CMLM+SUPER(1)),,,,,0.06132,0.8843
CmDW_g.66,PstI.TP955356,3,67880743,CmDW_g,CmDW_g(PS_N(1)),CmDW_g(C124+2560(1)),,,CmDW_g(pKWmEB(1)),,,0.2218,10.77
Cml_cm.1,NsiI.TP127922,4,54754163,Cml_cm,Cml_cm(PS_N(1)),Cml_cm(124+36088im(1)),,Cml_cm(FarmCPU(1)),,,,0.1785,0.106
Cml_cm.2,NsiI.TP164112,2,75774037,Cml_cm,Cml_cm(PS_N(1)),Cml_cm(C116+3293(1)),,Cml_cm(FarmCPU(1)),,,,0.1034,0.1395
Cml_cm.3,NsiI.TP195403,1,75432709,Cml_cm,Cml_cm(PS_Y(1)),Cml_cm(124+36088im(1)),,,Cml_cm(mrMLM(1)),,,0.3566,8.463
Cml_cm.4,NsiI.TP218789,3,51796050,Cml_cm,Cml_cm(PS_N(1);PS_Y(1)),Cml_cm(C116+3293(2)),,Cml_cm(FarmCPU(1)),Cml_cm(FASTmrMLM(1)),,,0.25,3.664
Cml_cm.5,NsiI.TP231253,11,11717,Cml_cm,Cml_cm(PS_Y(1)),Cml_cm(124+36088im(1)),,,Cml_cm(ISIS EM-BLASSO(1)),,,0.0524,2.153
Cml_cm.6,NsiI.TP247987,11,11923,Cml_cm,Cml_cm(PS_N(1)),Cml_cm(124+36088im(1)),,,Cml_cm(ISIS EM-BLASSO(1)),,,0.0524,25.02
Cml_cm.7,NsiI.TP249634,9,5342948,Cml_cm,Cml_cm(PS_N(2)),Cml_cm(124+36088im(2)),,,Cml_cm(ISIS EM-BLASSO(1)mrMLM(1)),,,0.2746,7.204
Cml_cm.8,NsiI.TP33138,5,57403,Cml_cm,Cml_cm(PS_N(1)),Cml_cm(124+36088im(1)),,,Cml_cm(pKWmEB(1)),,,0.0847,3.002
Cml_cm.9,NsiI.TP34193,6,47900218,Cml_cm,Cml_cm(PS_N(1)),Cml_cm(C124+2560(1)),,Cml_cm(FarmCPU(1)),,,,0.1411,7.784
Cml_cm.10,NsiI.TP375399,11,13278,Cml_cm,Cml_cm(PS_Y(1)),Cml_cm(C116+3293(1)),,,Cml_cm(mrMLM(1)),,,0.0132,0
Cml_cm.11,NsiI.TP383201,4,62497766,Cml_cm,Cml_cm(PS_N(1)),Cml_cm(C106+4202(1)),,Cml_cm(FarmCPU(1)),,,,0.1557,13.54
Cml_cm.12,NsiI.TP424524,11,13911,Cml_cm,Cml_cm(PS_N(1)),Cml_cm(C106+4202(1)),,,Cml_cm(FASTmrMLM(1)),,,0.1651,5.969
Cml_cm.13,NsiI.TP445017,9,55901846,Cml_cm,Cml_cm(PS_N(1);PS_Y(2)),Cml_cm(C116+3293(2);C124+2560(1)),,Cml_cm(FarmCPU(1)),Cml_cm(FASTmrMLM(1)ISIS EM-BLASSO(1)),,,0.4871,7.028
Cml_cm.14,NsiI.TP447144,3,63530717,Cml_cm,Cml_cm(PS_N(6)),Cml_cm(124+36088im(2);C106+4202(4)),,Cml_cm(FarmCPU(1)),Cml_cm(FASTmrMLM(2)mrMLM(1)pKWmEB(2)),,,0.0865,20.25
Cml_cm.15,NsiI.TP488601,1,6409370,Cml_cm,Cml_cm(PS_N(1)),Cml_cm(C124+2560(1)),,,Cml_cm(pLARmEB(1)),,,0.3033,4.942
Cml_cm.16,NsiI.TP491797,11,15087,Cml_cm,Cml_cm(PS_Y(1)),Cml_cm(124+36088im(1)),,,Cml_cm(FASTmrMLM(1)),,,0.1613,5.93
Cml_cm.17,NsiI.TP520698,1,3113038,Cml_cm,Cml_cm(PS_N(1)),Cml_cm(124+36088im(1)),,Cml_cm(FarmCPU(1)),,,,0.4451,0.05498
Cml_cm.18,NsiI.TP5701,1,69156484,Cml_cm,Cml_cm(PS_Y(1)),Cml_cm(124+36088im(1)),,,Cml_cm(mrMLM(1)),,,0.291,5.099
Cml_cm.19,NsiI.TP586300,3,57849113,Cml_cm,Cml_cm(PS_Y(1)),Cml_cm(124+36088im(1)),,,Cml_cm(mrMLM(1)),,,0.0328,12.69
Cml_cm.20,NsiI.TP635575,5,38567770,Cml_cm,Cml_cm(PS_N(1)),Cml_cm(124+36088im(1)),,Cml_cm(FarmCPU(1)),,,,0.2579,12.79
Cml_cm.21,NsiI.TP648509,10,41353679,Cml_cm,Cml_cm(PS_N(5)),Cml_cm(C116+3293(3);C124+2560(2)),,,Cml_cm(FASTmrEMMA(1)FASTmrMLM(2)mrMLM(2)),,,0.0574,8.662
Cml_cm.22,NsiI.TP66555,11,9920,Cml_cm,Cml_cm(PS_N(2);PS_Y(2)),Cml_cm(124+36088im(4)),,,Cml_cm(FASTmrMLM(2)ISIS EM-BLASSO(1)pKWmEB(1)),,,0.1815,0
Cml_cm.23,NsiI.TP696486,4,10248885,Cml_cm,Cml_cm(PS_N(1)),Cml_cm(124+36088im(1)),,,Cml_cm(FASTmrMLM(1)),,,0.0403,3.328
Cml_cm.24,NsiI.TP758763,1,57499558,Cml_cm,Cml_cm(PS_N(1)),Cml_cm(C106+4202(1)),,Cml_cm(FarmCPU(1)),,,,0.0566,19.62
Cml_cm.25,NsiI.TP764847,10,10693125,Cml_cm,Cml_cm(PS_N(2)),Cml_cm(124+36088im(2)),,,Cml_cm(FASTmrMLM(1)pKWmEB(1)),,,0.0565,31.57
Cml_cm.26,NsiI.TP810561,2,61303139,Cml_cm,Cml_cm(PS_N(1)),Cml_cm(124+36088im(1)),,Cml_cm(FarmCPU(1)),,,,0.4736,2.557
Cml_cm.27,PstI.TP1051083,1,13150553,Cml_cm,Cml_cm(PS_N(1)),Cml_cm(124+36088im(1)),,Cml_cm(FarmCPU(1)),,,,0.2462,1.445
Cml_cm.28,PstI.TP105605,3,54845915,Cml_cm,Cml_cm(PS_N(2)),Cml_cm(C116+3293(1);C124+2560(1)),,Cml_cm(FarmCPU(2)),,,,0.08621,18.41
Cml_cm.29,PstI.TP1057917,3,63645828,Cml_cm,Cml_cm(PS_N(1)),Cml_cm(124+36088im(1)),,,Cml_cm(mrMLM(1)),,,0.2787,9.081
Cml_cm.30,PstI.TP1066422,3,60988993,Cml_cm,Cml_cm(PS_N(2)),Cml_cm(C124+2560(2)),,,Cml_cm(ISIS EM-BLASSO(1)pKWmEB(1)),,,0.2298,10.97
Cml_cm.31,PstI.TP1071296,11,7466,Cml_cm,Cml_cm(PS_N(1)),Cml_cm(C124+2560(1)),,Cml_cm(FarmCPU(1)),,,,0.1492,17.8
Cml_cm.32,PstI.TP10996,6,57974096,Cml_cm,Cml_cm(PS_N(1);PS_Y(3)),Cml_cm(C116+3293(4)),Cml_cm(MLM+SUPER(1)),Cml_cm(FarmCPU(1)),Cml_cm(FASTmrMLM(1)ISIS EM-BLASSO(1)),,,0.1207,3.282
Cml_cm.33,PstI.TP1123892,11,7887,Cml_cm,Cml_cm(PS_N(1)),Cml_cm(124+36088im(1)),,Cml_cm(FarmCPU(1)),,,,0.212,0.04522
Cml_cm.34,PstI.TP1155086,9,50004653,Cml_cm,Cml_cm(PS_N(1)),Cml_cm(C116+3293(1)),,Cml_cm(FarmCPU(1)),,,,0.2371,16.11
Cml_cm.35,PstI.TP118716,9,50325026,Cml_cm,Cml_cm(PS_N(1)),Cml_cm(124+36088im(1)),,,Cml_cm(ISIS EM-BLASSO(1)),,,0.1774,7.187
Cml_cm.36,PstI.TP1246584,1,1015480,Cml_cm,Cml_cm(PS_Y(3)),Cml_cm(C116+3293(3)),,,Cml_cm(FASTmrMLM(1)ISIS EM-BLASSO(1)pLARmEB(1)),,,0.4386,17.62
Cml_cm.37,PstI.TP14229,9,57790410,Cml_cm,Cml_cm(PS_N(4);PS_Y(3)),Cml_cm(124+36088im(7)),,,Cml_cm(FASTmrMLM(2)ISIS EM-BLASSO(2)mrMLM(1)pKWmEB(2)),,,0.1734,11.54
Cml_cm.38,PstI.TP148994,6,47930110,Cml_cm,Cml_cm(PS_N(1)),Cml_cm(124+36088im(1)),,,Cml_cm(ISIS EM-BLASSO(1)),,,0.121,3.469
Cml_cm.39,PstI.TP15780,9,56211895,Cml_cm,Cml_cm(PS_N(2);PS_Y(3)),Cml_cm(C116+3293(2);C124+2560(3)),,,Cml_cm(ISIS EM-BLASSO(2)mrMLM(1)pKWmEB(1)pLARmEB(1)),,,0.1842,10.71
Cml_cm.40,PstI.TP19142,11,155,Cml_cm,Cml_cm(PS_N(1)),Cml_cm(C106+4202(1)),,,Cml_cm(FASTmrEMMA(1)),,,0.1415,8.147
Cml_cm.41,PstI.TP19694,1,26927564,Cml_cm,Cml_cm(PS_Y(1)),Cml_cm(124+36088im(1)),,,Cml_cm(ISIS EM-BLASSO(1)),,,0.2661,6.459
Cml_cm.42,PstI.TP217994,4,61088428,Cml_cm,Cml_cm(PS_N(2)),Cml_cm(124+36088im(2)),,,Cml_cm(FASTmrMLM(1)mrMLM(1)),,,0.0533,38.88
Cml_cm.43,PstI.TP226277,10,60979471,Cml_cm,Cml_cm(PS_Y(1)),Cml_cm(124+36088im(1)),,,Cml_cm(mrMLM(1)),,,0.0369,11.25
Cml_cm.44,PstI.TP290738,7,59825579,Cml_cm,Cml_cm(PS_N(3)),Cml_cm(C106+4202(1);C116+3293(1);C124+2560(1)),,,Cml_cm(ISIS EM-BLASSO(3)),,,0.25,0
Cml_cm.45,PstI.TP355049,9,55239543,Cml_cm,Cml_cm(PS_N(1)),Cml_cm(124+36088im(1)),,Cml_cm(FarmCPU(1)),,,,0.3643,0.9939
Cml_cm.46,PstI.TP411848,11,3188,Cml_cm,Cml_cm(PS_N(1);PS_Y(5)),Cml_cm(C106+4202(4);C116+3293(2)),,,Cml_cm(FASTmrEMMA(1)FASTmrMLM(1)ISIS EM-BLASSO(2)pKWmEB(2)),,,0.4764,9.418
Cml_cm.47,PstI.TP433679,11,3324,Cml_cm,Cml_cm(PS_N(8);PS_Y(5)),Cml_cm(C106+4202(2);C116+3293(1);C124+2560(10)),Cml_cm(CMLM+SUPER(1)MLM+SUPER(1)),,Cml_cm(FASTmrEMMA(1)FASTmrMLM(2)ISIS EM-BLASSO(3)pKWmEB(3)pLARmEB(2)),,,0.1393,10.59
Cml_cm.48,PstI.TP451853,11,3460,Cml_cm,Cml_cm(PS_N(1);PS_Y(1)),Cml_cm(C124+2560(2)),,,Cml_cm(FASTmrMLM(2)),,,0.2661,3.858
Cml_cm.49,PstI.TP459121,1,78162835,Cml_cm,Cml_cm(PS_N(2)),Cml_cm(C106+4202(1);C124+2560(1)),,,Cml_cm(pKWmEB(1)pLARmEB(1)),,,0.0708,0
Cml_cm.50,PstI.TP485114,9,57032697,Cml_cm,Cml_cm(PS_Y(1)),Cml_cm(124+36088im(1)),,,Cml_cm(mrMLM(1)),,,0.209,15.39
Cml_cm.51,PstI.TP4963,3,65245788,Cml_cm,Cml_cm(PS_N(1)),Cml_cm(C106+4202(1)),,Cml_cm(FarmCPU(1)),,,,0.2123,3.197
Cml_cm.52,PstI.TP55941,6,51146867,Cml_cm,Cml_cm(PS_Y(3)),Cml_cm(C106+4202(1);C124+2560(2)),,,Cml_cm(FASTmrMLM(1)mrMLM(1)pKWmEB(1)),,,0.2596,21.27
Cml_cm.53,PstI.TP577552,2,61335361,Cml_cm,Cml_cm(PS_Y(2)),Cml_cm(C106+4202(2)),,,Cml_cm(FASTmrEMMA(1)mrMLM(1)),,,0.0288,7.509
Cml_cm.54,PstI.TP57846,4,4201581,Cml_cm,Cml_cm(PS_N(6)),Cml_cm(C106+4202(1);C116+3293(2);C124+2560(3)),,,Cml_cm(ISIS EM-BLASSO(3)pKWmEB(2)pLARmEB(1)),,,0.2298,38.35
Cml_cm.55,PstI.TP703969,1,80877289,Cml_cm,Cml_cm(PS_N(1)),Cml_cm(C116+3293(1)),,Cml_cm(FarmCPU(1)),,,,0.1164,1.468
Cml_cm.56,PstI.TP737962,11,5096,Cml_cm,Cml_cm(PS_N(3)),Cml_cm(C106+4202(3)),,Cml_cm(FarmCPU(1)),Cml_cm(FASTmrMLM(1)ISIS EM-BLASSO(1)),,,0.4151,22.36
Cml_cm.57,PstI.TP738082,10,6556740,Cml_cm,Cml_cm(PS_Y(1)),Cml_cm(C124+2560(1)),,,Cml_cm(FASTmrEMMA(1)),,,0.0121,7.676
Cml_cm.58,PstI.TP742466,5,70851257,Cml_cm,Cml_cm(PS_N(1);PS_Y(1)),Cml_cm(124+36088im(2)),,,Cml_cm(ISIS EM-BLASSO(1)pKWmEB(1)),,,0.0685,2.033
Cml_cm.59,PstI.TP745785,6,45615805,Cml_cm,Cml_cm(PS_N(8)),Cml_cm(C106+4202(4);C116+3293(2);C124+2560(2)),,Cml_cm(FarmCPU(1)),Cml_cm(FASTmrMLM(3)mrMLM(3)pKWmEB(1)),,,0.4234,32.88
Cml_cm.60,PstI.TP751721,9,50513395,Cml_cm,Cml_cm(PS_N(1)),Cml_cm(C116+3293(1)),,Cml_cm(FarmCPU(1)),,,,0.1595,7.406
Cml_cm.61,PstI.TP757921,1,26848011,Cml_cm,Cml_cm(PS_N(5);PS_Y(1)),Cml_cm(C106+4202(1);C116+3293(2);C124+2560(3)),,,Cml_cm(FASTmrEMMA(1)FASTmrMLM(1)ISIS EM-BLASSO(1)mrMLM(2)pKWmEB(1)),,,0.4135,11.82
Cml_cm.62,PstI.TP771967,10,52242723,Cml_cm,Cml_cm(PS_N(1)),Cml_cm(C106+4202(1)),,Cml_cm(FarmCPU(1)),,,,0.2311,2.157
Cml_cm.63,PstI.TP773172,3,55061314,Cml_cm,Cml_cm(PS_N(3);PS_Y(1)),Cml_cm(124+36088im(4)),,,Cml_cm(FASTmrMLM(1)mrMLM(2)pKWmEB(1)),,,0.1475,7.877
Cml_cm.64,PstI.TP795667,8,528900,Cml_cm,Cml_cm(PS_N(1)),Cml_cm(124+36088im(1)),,Cml_cm(FarmCPU(1)),,,,0.06863,14.57
Cml_cm.65,PstI.TP838943,3,4037471,Cml_cm,Cml_cm(PS_N(4);PS_Y(2)),Cml_cm(124+36088im(6)),,,Cml_cm(FASTmrMLM(2)ISIS EM-BLASSO(1)mrMLM(1)pKWmEB(2)),,,0.0968,6.813
Cml_cm.66,PstI.TP840679,6,49388605,Cml_cm,Cml_cm(PS_N(3);PS_Y(3)),Cml_cm(124+36088im(6)),,,Cml_cm(FASTmrMLM(2)ISIS EM-BLASSO(1)mrMLM(1)pKWmEB(2)),,,0.0685,8.32
Cml_cm.67,PstI.TP841498,5,69228848,Cml_cm,Cml_cm(PS_Y(1)),Cml_cm(C116+3293(1)),Cml_cm(MLM+SUPER(1)),,,,,0.09914,0.1461
Cml_cm.68,PstI.TP858902,4,66143706,Cml_cm,Cml_cm(PS_Y(1)),Cml_cm(C116+3293(1)),,,Cml_cm(mrMLM(1)),,,0.2982,16.53
Cml_cm.69,PstI.TP901954,9,3265857,Cml_cm,Cml_cm(PS_N(1)),Cml_cm(124+36088im(1)),,Cml_cm(FarmCPU(1)),,,,0.2998,3.652
Cml_cm.70,PstI.TP972953,1,7984963,Cml_cm,Cml_cm(PS_N(1)),Cml_cm(C124+2560(1)),,Cml_cm(FarmCPU(1)),,,,0.4355,3.512
CmN.1,GFSSContig15563_263,9,58912474,CmN,CmN(PS_Y(1)),CmN(124+36088im(1)),,,,,CmN(GLM(1)),0.1445,8.621
CmN.2,GFSSContig17477_775,2,67954599,CmN,CmN(PS_Y(1)),CmN(124+36088im(1)),,,,,CmN(GLM(1)),0.05325,7.556
CmN.3,GFSSContig18315_975,9,53976945,CmN,CmN(PS_Y(2)),CmN(124+36088im(2)),CmN(CMLM+SUPER(1)MLM+SUPER(1)),,,,,0.2024,3.008
CmN.4,NsiI.TP115990,11,10376,CmN,CmN(PS_Y(1)),CmN(124+36088im(1)),,,,,CmN(GLM(1)),0.3487,7.115
CmN.5,NsiI.TP11666,7,14339016,CmN,CmN(PS_Y(2)),CmN(124+36088im(2)),CmN(MLM+SUPER(1)),,,,CmN(GLM(1)),0.07567,7.423
CmN.6,NsiI.TP122100,11,10465,CmN,CmN(PS_Y(3)),CmN(124+36088im(3)),CmN(CMLM+SUPER(1)MLM+SUPER(1)),,,,CmN(GLM(1)),0.1421,11.32
CmN.7,NsiI.TP127922,4,54754163,CmN,CmN(PS_N(1);PS_Y(4)),CmN(124+36088im(5)),CmN(CMLM+SUPER(1)MLM+SUPER(1)),CmN(FarmCPU(2)),,,CmN(GLM(1)),0.185,14.2
CmN.8,NsiI.TP128678,3,69000501,CmN,CmN(PS_Y(1)),CmN(124+36088im(1)),,,,,CmN(GLM(1)),0.4256,6.914
CmN.9,NsiI.TP154371,4,5011408,CmN,CmN(PS_Y(2)),CmN(124+36088im(2)),CmN(CMLM+SUPER(1)),,,,CmN(GLM(1)),0.07723,9.649
CmN.10,NsiI.TP159695,6,57820247,CmN,CmN(PS_Y(1)),CmN(124+36088im(1)),,,,,CmN(GLM(1)),0.1828,7.559
CmN.11,NsiI.TP172212,1,67605060,CmN,CmN(PS_Y(1)),CmN(124+36088im(1)),,,,,CmN(GLM(1)),0.3174,7.446
CmN.12,NsiI.TP215181,11,11521,CmN,CmN(PS_Y(1)),CmN(124+36088im(1)),,,,,CmN(GLM(1)),0.05059,6.808
CmN.13,NsiI.TP217838,3,3586934,CmN,CmN(PS_Y(2)),CmN(C106+4202(2)),CmN(MLM+SUPER(1)),,,,CmN(GLM(1)),0.05189,11.36
CmN.14,NsiI.TP226043,11,11664,CmN,CmN(PS_Y(1)),CmN(124+36088im(1)),CmN(CMLM+SUPER(1)),,,,,0.2161,0.1637
CmN.15,NsiI.TP230244,11,11712,CmN,CmN(PS_Y(1)),CmN(124+36088im(1)),,,,,CmN(GLM(1)),0.1789,6.782
CmN.16,NsiI.TP241298,11,11843,CmN,CmN(PS_Y(1)),CmN(124+36088im(1)),,,,,CmN(GLM(1)),0.07905,6.884
CmN.17,NsiI.TP241831,8,47079973,CmN,CmN(PS_Y(1)),CmN(C106+4202(1)),CmN(CMLM+SUPER(1)),,,,,0.1226,4.551
CmN.18,NsiI.TP255006,6,59462133,CmN,CmN(PS_Y(1)),CmN(124+36088im(1)),,,,,CmN(GLM(1)),0.1785,7.045
CmN.19,NsiI.TP282888,2,675031,CmN,CmN(PS_Y(1)),CmN(C116+3293(1)),CmN(CMLM+SUPER(1)),,,,,0.06897,1.977
CmN.20,NsiI.TP296932,9,49933625,CmN,CmN(PS_N(1)),CmN(124+36088im(1)),,,CmN(mrMLM(1)),,,0.1025,38.92
CmN.21,NsiI.TP309946,11,12519,CmN,CmN(PS_N(1)),CmN(124+36088im(1)),,CmN(FarmCPU(1)),,,,0.2438,1.468
CmN.22,NsiI.TP319204,11,12621,CmN,CmN(PS_Y(1)),CmN(124+36088im(1)),,,,,CmN(GLM(1)),0.04682,6.826
CmN.23,NsiI.TP324732,11,12703,CmN,CmN(PS_Y(1)),CmN(124+36088im(1)),,,,,CmN(GLM(1)),0.2722,7.471
CmN.24,NsiI.TP327757,3,71119897,CmN,CmN(PS_N(1)),CmN(124+36088im(1)),,CmN(FarmCPU(1)),,,,0.1986,1.145
CmN.25,NsiI.TP332475,3,64344627,CmN,CmN(PS_Y(1)),CmN(124+36088im(1)),CmN(CMLM+SUPER(1)),,,,,0.2026,2.971
CmN.26,NsiI.TP338132,3,59218088,CmN,CmN(PS_Y(1)),CmN(124+36088im(1)),CmN(CMLM+SUPER(1)),,,,,0.1477,0.8388
CmN.27,NsiI.TP338280,6,53961287,CmN,CmN(PS_Y(1)),CmN(C116+3293(1)),CmN(CMLM+SUPER(1)),,,,,0.4526,0.52
CmN.28,NsiI.TP352026,6,555824,CmN,CmN(PS_N(1);PS_Y(3)),CmN(124+36088im(4)),CmN(CMLM+SUPER(1)MLM+SUPER(1)),CmN(FarmCPU(1)),,,CmN(GLM(1)),0.06707,12.81
CmN.29,NsiI.TP358081,6,42784766,CmN,CmN(PS_N(1)),CmN(C116+3293(1)),,,CmN(ISIS EM-BLASSO(1)),,,0.1422,2.193
CmN.30,NsiI.TP359278,6,53064783,CmN,CmN(PS_Y(1)),CmN(C106+4202(1)),CmN(MLM+SUPER(1)),,,,,0.1132,10.39
CmN.31,NsiI.TP370880,3,68111215,CmN,CmN(PS_Y(3)),CmN(124+36088im(3)),CmN(CMLM+SUPER(1)MLM+SUPER(1)),,,,CmN(GLM(1)),0.05394,11.51
CmN.32,NsiI.TP390222,4,58488770,CmN,CmN(PS_Y(1)),CmN(124+36088im(1)),,,,,CmN(GLM(1)),0.09838,6.758
CmN.33,NsiI.TP402511,4,58096507,CmN,CmN(PS_Y(1)),CmN(124+36088im(1)),CmN(MLM+SUPER(1)),,,,,0.1443,0.2021
CmN.34,NsiI.TP409721,2,65096533,CmN,CmN(PS_Y(2)),CmN(124+36088im(2)),CmN(CMLM+SUPER(1)MLM+SUPER(1)),,,,,0.0915,0.04129
CmN.35,NsiI.TP415575,9,53923129,CmN,CmN(PS_Y(3)),CmN(124+36088im(3)),CmN(CMLM+SUPER(1)MLM+SUPER(1)),,,,CmN(GLM(1)),0.05339,8.295
CmN.36,NsiI.TP415654,1,75354964,CmN,CmN(PS_Y(1)),CmN(124+36088im(1)),,,,,CmN(GLM(1)),0.07039,8.649
CmN.37,NsiI.TP42003,8,62544570,CmN,CmN(PS_N(2);PS_Y(1)),CmN(124+36088im(3)),,,CmN(FASTmrMLM(2)pKWmEB(1)),,,0.1169,10.32
CmN.38,NsiI.TP434358,11,14139,CmN,CmN(PS_Y(1)),CmN(124+36088im(1)),CmN(CMLM+SUPER(1)),,,,,0.07916,0.1083
CmN.39,NsiI.TP434679,3,11842346,CmN,CmN(PS_N(3)),CmN(C116+3293(1);C124+2560(2)),,CmN(FarmCPU(2)),CmN(pLARmEB(1)),,,0.1107,4.918
CmN.40,NsiI.TP441664,11,14308,CmN,CmN(PS_Y(1)),CmN(124+36088im(1)),,,,,CmN(GLM(1)),0.08874,7.383
CmN.41,NsiI.TP443023,2,56699414,CmN,CmN(PS_Y(1)),CmN(124+36088im(1)),,,,,CmN(GLM(1)),0.06872,6.935
CmN.42,NsiI.TP443125,4,52156961,CmN,CmN(PS_Y(1)),CmN(124+36088im(1)),,,,,CmN(GLM(1)),0.1162,8.506
CmN.43,NsiI.TP443279,11,14353,CmN,CmN(PS_Y(2)),CmN(C116+3293(2)),CmN(CMLM+SUPER(1)MLM+SUPER(1)),,,,,0.2716,2.058
CmN.44,NsiI.TP448134,11,14419,CmN,CmN(PS_Y(3)),CmN(124+36088im(3)),CmN(CMLM+SUPER(1)MLM+SUPER(1)),,,,CmN(GLM(1)),0.06679,7.41
CmN.45,NsiI.TP459060,10,497104,CmN,CmN(PS_Y(1)),CmN(124+36088im(1)),,,,,CmN(GLM(1)),0.1031,6.791
CmN.46,NsiI.TP465791,1,74820948,CmN,CmN(PS_Y(3)),CmN(124+36088im(3)),CmN(CMLM+SUPER(1)MLM+SUPER(1)),,,,CmN(GLM(1)),0.1307,8.483
CmN.47,NsiI.TP466452,11,14696,CmN,CmN(PS_Y(1)),CmN(124+36088im(1)),,,,,CmN(GLM(1)),0.3027,7.834
CmN.48,NsiI.TP473151,11,14822,CmN,CmN(PS_Y(3)),CmN(124+36088im(3)),CmN(CMLM+SUPER(1)MLM+SUPER(1)),,,,CmN(GLM(1)),0.05661,7.612
CmN.49,NsiI.TP494603,2,61270017,CmN,CmN(PS_Y(2)),CmN(124+36088im(2)),CmN(CMLM+SUPER(1)MLM+SUPER(1)),,,,,0.2016,3.371
CmN.50,NsiI.TP509333,11,15400,CmN,CmN(PS_N(1)),CmN(124+36088im(1)),,,CmN(pKWmEB(1)),,,0.0524,5.715
CmN.51,NsiI.TP509742,9,47862370,CmN,CmN(PS_Y(1)),CmN(124+36088im(1)),,,,,CmN(GLM(1)),0.2069,7.81
CmN.52,NsiI.TP51472,11,9740,CmN,CmN(PS_Y(3)),CmN(124+36088im(3)),CmN(CMLM+SUPER(1)MLM+SUPER(1)),,,,CmN(GLM(1)),0.05239,7.141
CmN.53,NsiI.TP515167,4,68022596,CmN,CmN(PS_Y(1)),CmN(124+36088im(1)),CmN(CMLM+SUPER(1)),,,,,0.2923,0.01055
CmN.54,NsiI.TP525011,10,450727,CmN,CmN(PS_Y(1)),CmN(124+36088im(1)),CmN(CMLM+SUPER(1)),,,,,0.2415,0.1802
CmN.55,NsiI.TP545368,11,15846,CmN,CmN(PS_Y(2)),CmN(124+36088im(2)),CmN(CMLM+SUPER(1)MLM+SUPER(1)),,,,,0.4689,0.07559
CmN.56,NsiI.TP575555,2,2228424,CmN,CmN(PS_Y(2)),CmN(124+36088im(2)),CmN(MLM+SUPER(1)),,,,CmN(GLM(1)),0.06237,7.769
CmN.57,NsiI.TP575618,7,3778581,CmN,CmN(PS_Y(1)),CmN(C106+4202(1)),CmN(MLM+SUPER(1)),,,,,0.06604,0.255
CmN.58,NsiI.TP609571,11,16656,CmN,CmN(PS_Y(1)),CmN(124+36088im(1)),,,,,CmN(GLM(1)),0.4619,7.663
CmN.59,NsiI.TP613708,11,16706,CmN,CmN(PS_Y(1)),CmN(124+36088im(1)),,,,,CmN(GLM(1)),0.1816,8.763
CmN.60,NsiI.TP615473,11,16715,CmN,CmN(PS_Y(1)),CmN(124+36088im(1)),CmN(CMLM+SUPER(1)),,,,,0.05197,2.481
CmN.61,NsiI.TP616137,6,57075072,CmN,CmN(PS_Y(1)),CmN(124+36088im(1)),,,,,CmN(GLM(1)),0.1179,7.279
CmN.62,NsiI.TP617177,2,52050200,CmN,CmN(PS_Y(1)),CmN(124+36088im(1)),CmN(CMLM+SUPER(1)),,,,,0.1889,2.171
CmN.63,NsiI.TP656422,11,17204,CmN,CmN(PS_Y(1)),CmN(124+36088im(1)),,,,,CmN(GLM(1)),0.1208,7.158
CmN.64,NsiI.TP667008,8,1326292,CmN,CmN(PS_Y(1)),CmN(124+36088im(1)),,,,,CmN(GLM(1)),0.3248,7.007
CmN.65,NsiI.TP675510,11,17441,CmN,CmN(PS_Y(1)),CmN(124+36088im(1)),,,,,CmN(GLM(1)),0.06112,9.237
CmN.66,NsiI.TP681203,1,8181678,CmN,CmN(PS_Y(2)),CmN(124+36088im(2)),CmN(CMLM+SUPER(1)),,,,CmN(GLM(1)),0.05298,6.893
CmN.67,NsiI.TP682707,11,17550,CmN,CmN(PS_Y(1)),CmN(124+36088im(1)),,,CmN(pKWmEB(1)),,,0.0403,14.16
CmN.68,NsiI.TP726681,3,62054481,CmN,CmN(PS_Y(1)),CmN(C116+3293(1)),,,,,CmN(GLM(1)),0.06034,8.095
CmN.69,NsiI.TP744668,8,13866107,CmN,CmN(PS_N(1)),CmN(124+36088im(1)),,,CmN(mrMLM(1)),,,0.1926,18.38
CmN.70,NsiI.TP750615,1,12653027,CmN,CmN(PS_Y(1)),CmN(124+36088im(1)),,,,,CmN(GLM(1)),0.06535,7.914
CmN.71,NsiI.TP753743,9,41089177,CmN,CmN(PS_Y(3)),CmN(124+36088im(3)),CmN(CMLM+SUPER(1)MLM+SUPER(1)),,,,CmN(GLM(1)),0.08012,8.131
CmN.72,NsiI.TP754072,1,67675884,CmN,CmN(PS_N(1)),CmN(124+36088im(1)),,CmN(FarmCPU(1)),,,,0.1658,0.1363
CmN.73,NsiI.TP762015,7,823818,CmN,CmN(PS_Y(3)),CmN(124+36088im(3)),CmN(CMLM+SUPER(1)MLM+SUPER(1)),,,,CmN(GLM(1)),0.05733,7.699
CmN.74,NsiI.TP777080,11,18691,CmN,CmN(PS_Y(1)),CmN(124+36088im(1)),,,,,CmN(GLM(1)),0.4152,8.293
CmN.75,NsiI.TP779177,4,63763133,CmN,CmN(PS_Y(1)),CmN(124+36088im(1)),,,CmN(ISIS EM-BLASSO(1)),,,0.2944,2.344
CmN.76,NsiI.TP787181,11,18814,CmN,CmN(PS_Y(2)),CmN(124+36088im(2)),CmN(CMLM+SUPER(1)MLM+SUPER(1)),,,,,0.05537,3.921
CmN.77,NsiI.TP826891,11,19276,CmN,CmN(PS_Y(1)),CmN(124+36088im(1)),,,,,CmN(GLM(1)),0.3319,11.01
CmN.78,NsiI.TP827851,4,12330408,CmN,CmN(PS_N(3)),CmN(C124+2560(3)),,CmN(FarmCPU(1)),CmN(FASTmrMLM(1)mrMLM(1)),,,0.0565,26.72
CmN.79,NsiI.TP84023,11,10066,CmN,CmN(PS_Y(1)),CmN(124+36088im(1)),,,,,CmN(GLM(1)),0.1581,6.88
CmN.80,NsiI.TP90957,9,58754094,CmN,CmN(PS_Y(2)),CmN(124+36088im(2)),CmN(CMLM+SUPER(1)MLM+SUPER(1)),,,,,0.05365,14.29
CmN.81,PstI.TP1014541,11,7044,CmN,CmN(PS_N(3);PS_Y(2)),CmN(124+36088im(5)),,,CmN(FASTmrMLM(2)ISIS EM-BLASSO(1)pKWmEB(2)),,,0.3185,24.92
CmN.82,PstI.TP1016686,11,7060,CmN,CmN(PS_Y(3)),CmN(124+36088im(3)),CmN(CMLM+SUPER(1)MLM+SUPER(1)),,,,CmN(GLM(1)),0.4017,8.988
CmN.83,PstI.TP1021221,11,7084,CmN,CmN(PS_Y(1)),CmN(124+36088im(1)),CmN(CMLM+SUPER(1)),,,,,0.132,0.9969
CmN.84,PstI.TP1025634,2,71277610,CmN,CmN(PS_N(1);PS_Y(3)),CmN(C116+3293(1);C124+2560(3)),CmN(CMLM+SUPER(2)MLM+SUPER(1)),CmN(FarmCPU(1)),,,,0.06897,10.01
CmN.85,PstI.TP1026977,4,62207098,CmN,CmN(PS_N(1)),CmN(124+36088im(1)),,CmN(FarmCPU(1)),,,,0.4043,2.62
CmN.86,PstI.TP1029642,11,7158,CmN,CmN(PS_Y(1)),CmN(124+36088im(1)),,,,,CmN(GLM(1)),0.1223,7.606
CmN.87,PstI.TP1044533,10,781197,CmN,CmN(PS_Y(1)),CmN(124+36088im(1)),,,,,CmN(GLM(1)),0.4567,8.015
CmN.88,PstI.TP104645,6,44593939,CmN,CmN(PS_N(2);PS_Y(2)),CmN(124+36088im(4)),,,CmN(FASTmrMLM(2)pKWmEB(2)),,,0.254,8.259
CmN.89,PstI.TP107240,8,62622087,CmN,CmN(PS_Y(3)),CmN(124+36088im(3)),CmN(CMLM+SUPER(1)MLM+SUPER(1)),,,,CmN(GLM(1)),0.06502,10.05
CmN.90,PstI.TP1079991,11,7542,CmN,CmN(PS_N(1);PS_Y(1)),CmN(124+36088im(2)),,,CmN(FASTmrMLM(1)pKWmEB(1)),,,0.1573,4.856
CmN.91,PstI.TP1090311,6,47330022,CmN,CmN(PS_Y(1)),CmN(124+36088im(1)),,,,,CmN(GLM(1)),0.07747,8.603
CmN.92,PstI.TP1098463,4,65166320,CmN,CmN(PS_Y(1)),CmN(124+36088im(1)),CmN(CMLM+SUPER(1)),,,,,0.1768,0.8039
CmN.93,PstI.TP10996,6,57974096,CmN,CmN(PS_Y(3)),CmN(C106+4202(1);C116+3293(2)),CmN(CMLM+SUPER(1)),,CmN(mrMLM(1)),,CmN(GLM(1)),0.1274,9.448
CmN.94,PstI.TP1100764,2,63346042,CmN,CmN(PS_Y(1)),CmN(124+36088im(1)),,,CmN(FASTmrMLM(1)),,,0.3226,1.928
CmN.95,PstI.TP110898,10,9880843,CmN,CmN(PCA=3(2);PS_N(9);PS_Y(10)),CmN(C106+4202(9);C116+3293(7);C124+2560(5)),CmN(CMLM+SUPER(1)MLM+SUPER(2)),CmN(FarmCPU(1)),CmN(ISIS EM-BLASSO(3)mrMLM(3)pKWmEB(6)pLARmEB(1)),CmN(rrBLUP(2)),CmN(GLM(2)),0.0577,31.7
CmN.96,PstI.TP111833,1,67205643,CmN,CmN(PS_Y(1)),CmN(124+36088im(1)),,,,,CmN(GLM(1)),0.0582,6.868
CmN.97,PstI.TP1123778,2,61958273,CmN,CmN(PS_Y(9)),CmN(C106+4202(2);C116+3293(4);C124+2560(3)),CmN(CMLM+SUPER(2)MLM+SUPER(3)),,CmN(mrMLM(1)),,CmN(GLM(3)),0.09677,11.84
CmN.98,PstI.TP1127198,11,7909,CmN,CmN(PS_N(2)),CmN(C106+4202(1);C116+3293(1)),,,CmN(FASTmrMLM(2)),,,0.3966,9.889
CmN.99,PstI.TP1128002,2,59726913,CmN,CmN(PS_Y(1)),CmN(124+36088im(1)),,,CmN(mrMLM(1)),,,0.0246,14.63
CmN.100,PstI.TP1128716,3,65668248,CmN,CmN(PS_Y(1)),CmN(124+36088im(1)),,,,,CmN(GLM(1)),0.1208,7.922
CmN.101,PstI.TP1146105,3,17294985,CmN,CmN(PS_Y(2)),CmN(124+36088im(2)),CmN(CMLM+SUPER(1)MLM+SUPER(1)),,,,,0.3806,0.1069
CmN.102,PstI.TP1148487,4,48397503,CmN,CmN(PS_Y(1)),CmN(C106+4202(1)),CmN(CMLM+SUPER(1)),,,,,0.08491,2.998
CmN.103,PstI.TP1150566,9,1671674,CmN,CmN(PS_Y(1)),CmN(124+36088im(1)),,,CmN(pKWmEB(1)),,,0.1129,1.926
CmN.104,PstI.TP1151415,11,8084,CmN,CmN(PS_N(2);PS_Y(1)),CmN(C124+2560(3)),,,CmN(ISIS EM-BLASSO(1)pLARmEB(2)),,,0.1653,29.04
CmN.105,PstI.TP116046,7,62490129,CmN,CmN(PS_Y(3)),CmN(124+36088im(3)),CmN(CMLM+SUPER(1)MLM+SUPER(1)),,,,CmN(GLM(1)),0.1629,11.71
CmN.106,PstI.TP1160897,10,17579080,CmN,CmN(PS_Y(2)),CmN(124+36088im(2)),CmN(MLM+SUPER(1)),,,,CmN(GLM(1)),0.1694,15.48
CmN.107,PstI.TP1164803,11,8190,CmN,CmN(PS_Y(1)),CmN(124+36088im(1)),,,,,CmN(GLM(1)),0.3315,6.745
CmN.108,PstI.TP1181476,5,2299991,CmN,CmN(PS_N(4);PS_Y(1)),CmN(C106+4202(2);C116+3293(1);C124+2560(2)),,,CmN(FASTmrEMMA(1)FASTmrMLM(4)),,,0.2406,6.856
CmN.109,PstI.TP1187427,6,50717397,CmN,CmN(PS_Y(1)),CmN(124+36088im(1)),,,,,CmN(GLM(1)),0.06101,7.382
CmN.110,PstI.TP1188898,11,8399,CmN,CmN(PS_Y(1)),CmN(124+36088im(1)),,,,,CmN(GLM(1)),0.2946,9.106
CmN.111,PstI.TP1204344,11,8498,CmN,CmN(PS_Y(1)),CmN(C124+2560(1)),,,CmN(FASTmrMLM(1)),,,0.2339,8.732
CmN.112,PstI.TP1212724,1,72123046,CmN,CmN(PS_Y(3)),CmN(124+36088im(3)),CmN(CMLM+SUPER(1)MLM+SUPER(1)),,,,CmN(GLM(1)),0.07685,8.667
CmN.113,PstI.TP1218439,9,53101439,CmN,CmN(PS_Y(1)),CmN(C106+4202(1)),,,CmN(FASTmrMLM(1)),,,0.1462,8.965
CmN.114,PstI.TP1225179,6,56654494,CmN,CmN(PS_Y(1)),CmN(C116+3293(1)),CmN(CMLM+SUPER(1)),,,,,0.07759,3.076
CmN.115,PstI.TP1226186,3,7342289,CmN,CmN(PS_Y(2)),CmN(C124+2560(2)),CmN(CMLM+SUPER(1)MLM+SUPER(1)),,,,,0.3024,2.003
CmN.116,PstI.TP123530,10,7243969,CmN,CmN(PS_Y(2)),CmN(C116+3293(2)),CmN(CMLM+SUPER(1)MLM+SUPER(1)),,,,,0.06466,6.632
CmN.117,PstI.TP1235909,4,64295006,CmN,CmN(PS_Y(3)),CmN(124+36088im(3)),CmN(CMLM+SUPER(1)MLM+SUPER(1)),,,,CmN(GLM(1)),0.1575,8.152
CmN.118,PstI.TP1237979,11,8717,CmN,CmN(PS_Y(3)),CmN(124+36088im(3)),CmN(CMLM+SUPER(1)MLM+SUPER(1)),,,,CmN(GLM(1)),0.05143,7.545
CmN.119,PstI.TP1242757,11,8753,CmN,CmN(PS_Y(1)),CmN(C106+4202(1)),CmN(MLM+SUPER(1)),,,,,0.2972,1.186
CmN.120,PstI.TP1248844,8,1028461,CmN,CmN(PS_Y(3)),CmN(124+36088im(3)),CmN(CMLM+SUPER(1)MLM+SUPER(1)),,,,CmN(GLM(1)),0.07949,10.25
CmN.121,PstI.TP1250993,4,666401,CmN,CmN(PS_Y(3)),CmN(124+36088im(3)),CmN(CMLM+SUPER(1)MLM+SUPER(1)),,,,CmN(GLM(1)),0.1086,7.53
CmN.122,PstI.TP1254872,7,56573064,CmN,CmN(PS_Y(3)),CmN(C106+4202(1);C116+3293(2)),CmN(CMLM+SUPER(1)MLM+SUPER(2)),,,,,0.07759,9.303
CmN.123,PstI.TP1263163,9,8556161,CmN,CmN(PS_Y(1)),CmN(C106+4202(1)),,,,,CmN(GLM(1)),0.1179,12.41
CmN.124,PstI.TP1272828,10,59027538,CmN,CmN(PS_N(1)),CmN(C106+4202(1)),,,CmN(pKWmEB(1)),,,0.3019,11.23
CmN.125,PstI.TP1294713,10,4269426,CmN,CmN(PS_Y(2)),CmN(124+36088im(2)),CmN(MLM+SUPER(1)),,,,CmN(GLM(1)),0.1777,10.6
CmN.126,PstI.TP132021,11,1110,CmN,CmN(PS_Y(1)),CmN(C106+4202(1)),CmN(MLM+SUPER(1)),,,,,0.07547,2.136
CmN.127,PstI.TP132940,3,8690384,CmN,CmN(PS_Y(1)),CmN(124+36088im(1)),,,,,CmN(GLM(1)),0.0658,7.132
CmN.128,PstI.TP139250,11,1151,CmN,CmN(PS_Y(2)),CmN(124+36088im(2)),CmN(MLM+SUPER(1)),,,,CmN(GLM(1)),0.07655,8.2
CmN.129,PstI.TP140756,11,1171,CmN,CmN(PS_Y(2)),CmN(124+36088im(2)),CmN(CMLM+SUPER(1)),,,,CmN(GLM(1)),0.2669,8.46
CmN.130,PstI.TP153500,2,76322220,CmN,CmN(PS_Y(1)),CmN(124+36088im(1)),CmN(CMLM+SUPER(1)),,,,,0.495,0.1573
CmN.131,PstI.TP15780,9,56211895,CmN,CmN(PS_Y(3)),CmN(C116+3293(1);C124+2560(2)),,,CmN(ISIS EM-BLASSO(1)),,CmN(GLM(2)),0.181,9.169
CmN.132,PstI.TP190549,7,57197488,CmN,CmN(PS_Y(2)),CmN(124+36088im(2)),CmN(CMLM+SUPER(1)),,,,CmN(GLM(1)),0.1003,9.476
CmN.133,PstI.TP192620,11,1575,CmN,CmN(PS_Y(1)),CmN(124+36088im(1)),CmN(CMLM+SUPER(1)),,,,,0.1716,2.809
CmN.134,PstI.TP217199,1,78396312,CmN,CmN(PS_N(1)),CmN(C116+3293(1)),,CmN(FarmCPU(1)),,,,0.05603,15.82
CmN.135,PstI.TP228722,6,53186052,CmN,CmN(PS_Y(1)),CmN(124+36088im(1)),,,CmN(FASTmrMLM(1)),,,0.25,1.677
CmN.136,PstI.TP229079,11,1881,CmN,CmN(PS_Y(3)),CmN(C106+4202(2);C116+3293(1)),CmN(CMLM+SUPER(1)MLM+SUPER(1)),,CmN(FASTmrMLM(1)),,,0.1293,6.893
CmN.137,PstI.TP230112,11,1898,CmN,CmN(PS_Y(1)),CmN(124+36088im(1)),,,,,CmN(GLM(1)),0.2153,7.448
CmN.138,PstI.TP233305,3,72380511,CmN,CmN(PS_N(1)),CmN(124+36088im(1)),,,CmN(mrMLM(1)),,,0.0615,5.776
CmN.139,PstI.TP238422,3,61336314,CmN,CmN(PS_Y(1)),CmN(124+36088im(1)),,,CmN(pKWmEB(1)),,,0.129,8.106
CmN.140,PstI.TP241242,10,7791807,CmN,CmN(PS_Y(1)),CmN(124+36088im(1)),,,,,CmN(GLM(1)),0.441,6.839
CmN.141,PstI.TP246674,4,4598220,CmN,CmN(PS_Y(1)),CmN(C116+3293(1)),,,,,CmN(GLM(1)),0.07328,8.35
CmN.142,PstI.TP251038,7,4460512,CmN,CmN(PS_N(1)),CmN(124+36088im(1)),,CmN(FarmCPU(1)),,,,0.349,3.335
CmN.143,PstI.TP253210,11,2060,CmN,CmN(PS_Y(3)),CmN(124+36088im(3)),CmN(CMLM+SUPER(1)MLM+SUPER(1)),,,,CmN(GLM(1)),0.09726,7.829
CmN.144,PstI.TP257951,4,14228269,CmN,CmN(PS_Y(3)),CmN(124+36088im(3)),CmN(CMLM+SUPER(1)MLM+SUPER(1)),,,,CmN(GLM(1)),0.06654,7.663
CmN.145,PstI.TP26215,9,583262,CmN,CmN(PS_Y(1)),CmN(C116+3293(1)),CmN(CMLM+SUPER(1)),,,,,0.05172,10.06
CmN.146,PstI.TP285646,7,59945480,CmN,CmN(PS_Y(5)),CmN(C116+3293(2);C124+2560(3)),CmN(CMLM+SUPER(2)MLM+SUPER(1)),,,,CmN(GLM(2)),0.06897,8.393
CmN.147,PstI.TP292268,5,3450082,CmN,CmN(PS_N(2);PS_Y(9)),CmN(C106+4202(3);C116+3293(4);C124+2560(4)),CmN(CMLM+SUPER(3)MLM+SUPER(3)),CmN(FarmCPU(2)),CmN(FASTmrMLM(1)mrMLM(1)),,CmN(GLM(1)),0.08871,65.99
CmN.148,PstI.TP292777,7,64227793,CmN,CmN(PS_N(1);PS_Y(5)),CmN(C106+4202(1);C116+3293(2);C124+2560(3)),CmN(CMLM+SUPER(2)MLM+SUPER(3)),CmN(FarmCPU(1)),,,,0.05242,8.07
CmN.149,PstI.TP300328,3,10399618,CmN,CmN(PS_Y(1)),CmN(124+36088im(1)),CmN(CMLM+SUPER(1)),,,,,0.1543,0.7228
CmN.150,PstI.TP30419,11,232,CmN,CmN(PS_Y(1)),CmN(124+36088im(1)),CmN(CMLM+SUPER(1)),,,,,0.07068,3.965
CmN.151,PstI.TP317521,4,66042591,CmN,CmN(PS_Y(2)),CmN(124+36088im(2)),CmN(CMLM+SUPER(1)MLM+SUPER(1)),,,,,0.1006,0.1183
CmN.152,PstI.TP320216,11,2535,CmN,CmN(PS_Y(3)),CmN(124+36088im(3)),CmN(CMLM+SUPER(1)MLM+SUPER(1)),,,,CmN(GLM(1)),0.339,11.53
CmN.153,PstI.TP321657,11,2549,CmN,CmN(PS_Y(1)),CmN(124+36088im(1)),,,,,CmN(GLM(1)),0.06124,6.832
CmN.154,PstI.TP323391,11,2564,CmN,CmN(PS_Y(3)),CmN(124+36088im(3)),CmN(CMLM+SUPER(1)MLM+SUPER(1)),,,,CmN(GLM(1)),0.1151,7.009
CmN.155,PstI.TP339945,11,2686,CmN,CmN(PS_N(3);PS_Y(1)),CmN(C106+4202(2);C116+3293(2)),,,CmN(FASTmrEMMA(2)FASTmrMLM(1)),,CmN(GLM(1)),0.0647,10.89
CmN.156,PstI.TP344899,7,61484903,CmN,CmN(PS_Y(3)),CmN(124+36088im(3)),CmN(CMLM+SUPER(1)MLM+SUPER(1)),,,,CmN(GLM(1)),0.05641,7.428
CmN.157,PstI.TP356174,11,2816,CmN,CmN(PS_Y(1)),CmN(124+36088im(1)),,,,,CmN(GLM(1)),0.04889,6.969
CmN.158,PstI.TP36138,11,300,CmN,CmN(PS_N(1)),CmN(124+36088im(1)),,,CmN(FASTmrMLM(1)),,,0.1008,3.159
CmN.159,PstI.TP385678,2,45782629,CmN,CmN(PS_Y(1)),CmN(124+36088im(1)),,,,,CmN(GLM(1)),0.3324,7.058
CmN.160,PstI.TP393536,1,66632271,CmN,CmN(PS_N(2)),CmN(C124+2560(2)),,,CmN(ISIS EM-BLASSO(1)pLARmEB(1)),,,0.1967,4.489
CmN.161,PstI.TP409444,11,3169,CmN,CmN(PS_Y(3)),CmN(C106+4202(1);C124+2560(2)),CmN(CMLM+SUPER(1)MLM+SUPER(2)),,,,,0.07075,1.321
CmN.162,PstI.TP410209,3,69602329,CmN,CmN(PS_Y(1)),CmN(124+36088im(1)),CmN(CMLM+SUPER(1)),,,,,0.3825,1.454
CmN.163,PstI.TP411848,11,3188,CmN,CmN(PS_N(14);PS_Y(27)),CmN(124+36088im(5);C106+4202(11);C116+3293(13);C124+2560(12)),CmN(CMLM+SUPER(3)MLM+SUPER(3)),CmN(FarmCPU(2)),CmN(FASTmrEMMA(4)FASTmrMLM(6)ISIS EM-BLASSO(7)mrMLM(3)pKWmEB(8)pLARmEB(2)),,CmN(GLM(3)),0.4764,20.7
CmN.164,PstI.TP418863,6,59970341,CmN,CmN(PS_N(1)),CmN(C124+2560(1)),,CmN(FarmCPU(1)),,,,0.1008,0.1529
CmN.165,PstI.TP425751,2,71461615,CmN,CmN(PS_Y(2)),CmN(124+36088im(2)),CmN(CMLM+SUPER(1)MLM+SUPER(1)),,,,,0.2892,0.7471
CmN.166,PstI.TP432918,11,3318,CmN,CmN(PS_Y(1)),CmN(124+36088im(1)),CmN(CMLM+SUPER(1)),,,,,0.2587,2.263
CmN.167,PstI.TP433824,3,57313153,CmN,CmN(PS_Y(2)),CmN(124+36088im(2)),CmN(CMLM+SUPER(1)MLM+SUPER(1)),,,,,0.08895,0.02433
CmN.168,PstI.TP440570,11,3369,CmN,CmN(PS_Y(1)),CmN(124+36088im(1)),CmN(MLM+SUPER(1)),,,,,0.1282,0.362
CmN.169,PstI.TP454285,2,63153549,CmN,CmN(PS_Y(1)),CmN(C116+3293(1)),CmN(CMLM+SUPER(1)),,,,,0.06466,1.517
CmN.170,PstI.TP45703,11,389,CmN,CmN(PS_Y(1)),CmN(124+36088im(1)),,,,,CmN(GLM(1)),0.06498,7.237
CmN.171,PstI.TP457393,1,60097068,CmN,CmN(PS_N(10)),CmN(C106+4202(2);C116+3293(4);C124+2560(4)),,CmN(FarmCPU(2)),CmN(FASTmrEMMA(2)FASTmrMLM(2)mrMLM(3)pKWmEB(1)),,,0.246,30.22
CmN.172,PstI.TP459121,1,78162835,CmN,CmN(PS_Y(1)),CmN(C116+3293(1)),CmN(MLM+SUPER(1)),,,,,0.06897,12.28
CmN.173,PstI.TP465891,11,3546,CmN,CmN(PS_Y(3)),CmN(124+36088im(3)),CmN(CMLM+SUPER(1)MLM+SUPER(1)),,,,CmN(GLM(1)),0.07651,8.106
CmN.174,PstI.TP480983,4,61064043,CmN,CmN(PS_N(1)),CmN(124+36088im(1)),,CmN(FarmCPU(1)),,,,0.1312,0.3295
CmN.175,PstI.TP485051,1,7260226,CmN,CmN(PS_Y(2)),CmN(124+36088im(2)),CmN(MLM+SUPER(1)),,,,CmN(GLM(1)),0.1699,9.209
CmN.176,PstI.TP485114,9,57032697,CmN,CmN(PS_Y(3)),CmN(124+36088im(3)),CmN(CMLM+SUPER(1)MLM+SUPER(1)),,,,CmN(GLM(1)),0.05955,7.397
CmN.177,PstI.TP492299,11,3739,CmN,CmN(PS_N(1)),CmN(124+36088im(1)),,,CmN(pKWmEB(1)),,,0.0605,0.2305
CmN.178,PstI.TP504809,4,5155593,CmN,CmN(PS_N(2)),CmN(C124+2560(2)),,,CmN(ISIS EM-BLASSO(1)pKWmEB(1)),,,0.3952,15.29
CmN.179,PstI.TP521834,4,53924496,CmN,CmN(PS_N(1);PS_Y(3)),CmN(C106+4202(4)),CmN(CMLM+SUPER(1)MLM+SUPER(1)),,CmN(mrMLM(1)),,CmN(GLM(1)),0.0721,23.77
CmN.180,PstI.TP53013,9,59327122,CmN,CmN(PS_Y(3)),CmN(124+36088im(3)),CmN(CMLM+SUPER(1)MLM+SUPER(1)),,,,CmN(GLM(1)),0.07481,8.593
CmN.181,PstI.TP532131,11,3976,CmN,CmN(PS_Y(1)),CmN(C116+3293(1)),CmN(CMLM+SUPER(1)),,,,,0.1034,12.92
CmN.182,PstI.TP532345,9,38275195,CmN,CmN(PS_Y(3)),CmN(C116+3293(1);C124+2560(2)),CmN(CMLM+SUPER(2)MLM+SUPER(1)),,,,,0.05645,3.37
CmN.183,PstI.TP53685,8,15754213,CmN,CmN(PS_Y(1)),CmN(C106+4202(1)),CmN(MLM+SUPER(1)),,,,,0.1179,2
CmN.184,PstI.TP541255,10,53477961,CmN,CmN(PS_N(1)),CmN(124+36088im(1)),,CmN(FarmCPU(1)),,,,0.05935,1.511
CmN.185,PstI.TP543083,7,7619505,CmN,CmN(PS_Y(2)),CmN(124+36088im(2)),CmN(CMLM+SUPER(1)),,,,CmN(GLM(1)),0.2048,6.796
CmN.186,PstI.TP547023,2,75564773,CmN,CmN(PS_Y(2)),CmN(C124+2560(2)),CmN(CMLM+SUPER(1)MLM+SUPER(1)),,,,,0.06855,0.5266
CmN.187,PstI.TP570804,4,4364673,CmN,CmN(PS_Y(2)),CmN(C106+4202(2)),CmN(CMLM+SUPER(1)MLM+SUPER(1)),,,,,0.3585,0.2823
CmN.188,PstI.TP574906,11,4137,CmN,CmN(PS_N(1)),CmN(C116+3293(1)),,,CmN(pKWmEB(1)),,,0.3664,3.336
CmN.189,PstI.TP577552,2,61335361,CmN,CmN(PS_N(1);PS_Y(2)),CmN(C106+4202(3)),,,CmN(FASTmrEMMA(2)mrMLM(1)),,,0.0288,9.993
CmN.190,PstI.TP58391,7,64850518,CmN,CmN(PS_Y(1)),CmN(C106+4202(1)),CmN(MLM+SUPER(1)),,,,,0.1085,0.5988
CmN.191,PstI.TP58484,11,490,CmN,CmN(PS_Y(1)),CmN(124+36088im(1)),,,CmN(FASTmrMLM(1)),,,0.1008,1.103
CmN.192,PstI.TP588590,11,4212,CmN,CmN(PS_Y(1)),CmN(124+36088im(1)),,,,,CmN(GLM(1)),0.1387,8.383
CmN.193,PstI.TP597057,11,4238,CmN,CmN(PS_Y(2)),CmN(124+36088im(2)),CmN(CMLM+SUPER(1)),,,,CmN(GLM(1)),0.2132,8.008
CmN.194,PstI.TP604956,10,5628757,CmN,CmN(PS_N(2)),CmN(C116+3293(2)),,,CmN(ISIS EM-BLASSO(1)pKWmEB(1)),,,0.1897,0
CmN.195,PstI.TP607682,6,57995101,CmN,CmN(PS_Y(1)),CmN(124+36088im(1)),,,,,CmN(GLM(1)),0.184,8.114
CmN.196,PstI.TP609962,5,53907385,CmN,CmN(PS_Y(1)),CmN(124+36088im(1)),,,,,CmN(GLM(1)),0.156,8.892
CmN.197,PstI.TP617554,7,3245920,CmN,CmN(PS_N(1)),CmN(C124+2560(1)),,CmN(FarmCPU(1)),,,,0.1048,13.51
CmN.198,PstI.TP629514,6,40243524,CmN,CmN(PS_Y(2)),CmN(C106+4202(1);C116+3293(1)),CmN(CMLM+SUPER(1)),,,,CmN(GLM(1)),0.09052,12.89
CmN.199,PstI.TP641518,11,4507,CmN,CmN(PS_N(1)),CmN(124+36088im(1)),,,CmN(pKWmEB(1)),,,0.0927,1.061
CmN.200,PstI.TP663163,2,69910554,CmN,CmN(PS_Y(1)),CmN(124+36088im(1)),,,,,CmN(GLM(1)),0.05013,7.56
CmN.201,PstI.TP69823,1,70805200,CmN,CmN(PS_N(1);PS_Y(1)),CmN(C106+4202(1);C124+2560(1)),CmN(CMLM+SUPER(1)),CmN(FarmCPU(1)),,,,0.2547,3.059
CmN.202,PstI.TP698973,11,4833,CmN,CmN(PS_Y(1)),CmN(124+36088im(1)),,,,,CmN(GLM(1)),0.1656,9.834
CmN.203,PstI.TP69959,9,57639787,CmN,CmN(PS_Y(1)),CmN(124+36088im(1)),CmN(MLM+SUPER(1)),,,,,0.06947,0.3264
CmN.204,PstI.TP704102,3,72097083,CmN,CmN(PS_Y(3)),CmN(124+36088im(3)),CmN(CMLM+SUPER(1)MLM+SUPER(1)),,,,CmN(GLM(1)),0.06264,9.479
CmN.205,PstI.TP713758,7,53864081,CmN,CmN(PS_Y(1)),CmN(124+36088im(1)),,,,,CmN(GLM(1)),0.07971,7.567
CmN.206,PstI.TP714651,5,2641756,CmN,CmN(PS_Y(2)),CmN(C106+4202(1);C116+3293(1)),CmN(MLM+SUPER(2)),,,,,0.1557,0.1384
CmN.207,PstI.TP719892,5,64652954,CmN,CmN(PS_Y(3)),CmN(124+36088im(3)),CmN(CMLM+SUPER(1)MLM+SUPER(1)),,,,CmN(GLM(1)),0.1613,7.722
CmN.208,PstI.TP723544,9,1942972,CmN,CmN(PCA=3(1);PS_N(3);PS_Y(4)),CmN(124+36088im(8)),,,CmN(FASTmrMLM(2)ISIS EM-BLASSO(1)mrMLM(2)pKWmEB(2)),CmN(rrBLUP(1)),,0.127,22.86
CmN.209,PstI.TP724007,11,4995,CmN,CmN(PS_Y(3)),CmN(124+36088im(3)),CmN(CMLM+SUPER(1)MLM+SUPER(1)),,,,CmN(GLM(1)),0.07045,8.552
CmN.210,PstI.TP729133,7,37735277,CmN,CmN(PS_Y(1)),CmN(124+36088im(1)),CmN(CMLM+SUPER(1)),,,,,0.06801,0.05737
CmN.211,PstI.TP737551,6,57757179,CmN,CmN(PS_Y(1)),CmN(124+36088im(1)),,,,,CmN(GLM(1)),0.07876,7.229
CmN.212,PstI.TP747686,5,191126,CmN,CmN(PS_Y(3)),CmN(124+36088im(3)),CmN(CMLM+SUPER(1)MLM+SUPER(1)),,,,CmN(GLM(1)),0.08854,6.996
CmN.213,PstI.TP749093,2,74477521,CmN,CmN(PS_N(1)),CmN(124+36088im(1)),,CmN(FarmCPU(1)),,,,0.4121,0.3707
CmN.214,PstI.TP752361,9,3829005,CmN,CmN(PS_N(2)),CmN(124+36088im(2)),,,CmN(FASTmrMLM(1)pKWmEB(1)),,,0.0282,24.1
CmN.215,PstI.TP758246,10,10804856,CmN,CmN(PS_Y(1)),CmN(124+36088im(1)),,,,,CmN(GLM(1)),0.05402,7.019
CmN.216,PstI.TP771300,8,5124822,CmN,CmN(PS_Y(1)),CmN(124+36088im(1)),,,,,CmN(GLM(1)),0.173,8.172
CmN.217,PstI.TP775752,10,41350986,CmN,CmN(PS_Y(2)),CmN(C106+4202(2)),CmN(CMLM+SUPER(1)MLM+SUPER(1)),,,,,0.08019,2.748
CmN.218,PstI.TP77980,10,10346907,CmN,CmN(PS_Y(1)),CmN(124+36088im(1)),,,,,CmN(GLM(1)),0.317,8.152
CmN.219,PstI.TP788810,3,8503251,CmN,CmN(PS_Y(1)),CmN(124+36088im(1)),,,,,CmN(GLM(1)),0.4395,7.119
CmN.220,PstI.TP794569,2,3715278,CmN,CmN(PS_N(3);PS_Y(4)),CmN(C116+3293(3);C124+2560(4)),CmN(CMLM+SUPER(2)MLM+SUPER(2)),,CmN(FASTmrMLM(1)mrMLM(2)),,,0.0658,17.52
CmN.221,PstI.TP797446,3,12140520,CmN,CmN(PS_Y(1)),CmN(124+36088im(1)),CmN(CMLM+SUPER(1)),,,,,0.1945,1.728
CmN.222,PstI.TP802133,4,51215387,CmN,CmN(PS_Y(1)),CmN(124+36088im(1)),CmN(CMLM+SUPER(1)),,,,,0.4906,1.311
CmN.223,PstI.TP815977,8,47698137,CmN,CmN(PS_N(1)),CmN(C124+2560(1)),,,CmN(pKWmEB(1)),,,0.3306,3.642
CmN.224,PstI.TP828064,9,55177255,CmN,CmN(PS_Y(1)),CmN(C106+4202(1)),CmN(MLM+SUPER(1)),,,,,0.08962,6.695
CmN.225,PstI.TP836173,11,5793,CmN,CmN(PS_Y(3)),CmN(C116+3293(1);C124+2560(2)),CmN(CMLM+SUPER(2)MLM+SUPER(1)),,,,,0.1815,0.1194
CmN.226,PstI.TP841498,5,69228848,CmN,CmN(PS_Y(4)),CmN(C106+4202(1);C116+3293(1);C124+2560(2)),CmN(CMLM+SUPER(2)MLM+SUPER(2)),,,,,0.1048,0.3528
CmN.227,PstI.TP846513,11,5867,CmN,CmN(PS_Y(3)),CmN(124+36088im(3)),CmN(CMLM+SUPER(1)MLM+SUPER(1)),,,,CmN(GLM(1)),0.07298,13.16
CmN.228,PstI.TP850835,1,6117705,CmN,CmN(PS_Y(1)),CmN(124+36088im(1)),,,,,CmN(GLM(1)),0.1169,7.494
CmN.229,PstI.TP856013,11,5962,CmN,CmN(PS_Y(2)),CmN(C106+4202(2)),CmN(CMLM+SUPER(1)MLM+SUPER(1)),,,,,0.06132,3.875
CmN.230,PstI.TP862775,9,773151,CmN,CmN(PS_Y(1)),CmN(124+36088im(1)),CmN(CMLM+SUPER(1)),,,,,0.1795,19.87
CmN.231,PstI.TP866959,9,50250813,CmN,CmN(PS_N(1)),CmN(124+36088im(1)),,,CmN(ISIS EM-BLASSO(1)),,,0.0645,9.524
CmN.232,PstI.TP869093,1,11187262,CmN,CmN(PS_Y(2)),CmN(C124+2560(2)),CmN(CMLM+SUPER(1)MLM+SUPER(1)),,,,,0.2218,1.704
CmN.233,PstI.TP875140,2,72930521,CmN,CmN(PS_Y(1)),CmN(124+36088im(1)),,,,,CmN(GLM(1)),0.225,8.457
CmN.234,PstI.TP881941,11,6157,CmN,CmN(PS_Y(1)),CmN(C106+4202(1)),CmN(MLM+SUPER(1)),,,,,0.4623,2.18E-06
CmN.235,PstI.TP892749,1,80310797,CmN,CmN(PS_N(1);PS_Y(1)),CmN(124+36088im(2)),,,CmN(FASTmrMLM(1)mrMLM(1)),,,0.1393,3.761
CmN.236,PstI.TP908218,11,6342,CmN,CmN(PS_Y(3)),CmN(124+36088im(3)),CmN(CMLM+SUPER(1)MLM+SUPER(1)),,,,CmN(GLM(1)),0.08976,7.671
CmN.237,PstI.TP916844,11,6407,CmN,CmN(PS_Y(3)),CmN(124+36088im(3)),CmN(CMLM+SUPER(1)MLM+SUPER(1)),,,,CmN(GLM(1)),0.05298,7.094
CmN.238,PstI.TP977299,11,6780,CmN,CmN(PS_Y(1)),CmN(124+36088im(1)),,,,,CmN(GLM(1)),0.05187,7.123
CmN.239,PstI.TP984199,11,6827,CmN,CmN(PS_N(2)),CmN(C116+3293(1);C124+2560(1)),,,CmN(ISIS EM-BLASSO(1)pKWmEB(1)),,,0.3578,7.646
CmN.240,PstI.TP994751,10,60309696,CmN,CmN(PS_Y(1)),CmN(C106+4202(1)),CmN(MLM+SUPER(1)),,,,,0.07547,5.397
CmN.241,PstI.TP995394,9,50625938,CmN,CmN(PS_N(1)),CmN(C124+2560(1)),,,CmN(pKWmEB(1)),,,0.496,3.823
CmN.242,PstI.TP998275,4,9701801,CmN,CmN(PS_Y(1)),CmN(124+36088im(1)),CmN(CMLM+SUPER(1)),,,,,0.2775,0.004526
CmN.243,PstI.TP998491,2,14521096,CmN,CmN(PS_Y(2)),CmN(C106+4202(2)),CmN(MLM+SUPER(1)),,CmN(pKWmEB(1)),,,0.2689,10.12
SDW_kg.1,GFSSContig15931_175,1,74820300,SDW_kg,SDW_kg(PS_Y(1)),SDW_kg(124+36088im(1)),,,SDW_kg(ISIS EM-BLASSO(1)),,,0.3226,6.199
SDW_kg.2,GFSSContig19553_1853,3,10802480,SDW_kg,SDW_kg(PS_N(2)),SDW_kg(124+36088im(2)),,,SDW_kg(FASTmrMLM(1)pKWmEB(1)),,,0.4758,15.47
SDW_kg.3,NsiI.TP128678,3,69000501,SDW_kg,SDW_kg(PS_N(1)),SDW_kg(124+36088im(1)),,SDW_kg(FarmCPU(1)),,,,0.4086,0.9569
SDW_kg.4,NsiI.TP156483,11,10853,SDW_kg,SDW_kg(PS_Y(1)),SDW_kg(124+36088im(1)),,,SDW_kg(FASTmrMLM(1)),,,0.0847,21.1
SDW_kg.5,NsiI.TP273928,6,57836261,SDW_kg,SDW_kg(PS_Y(1)),SDW_kg(124+36088im(1)),,,SDW_kg(mrMLM(1)),,,0.0574,19.63
SDW_kg.6,NsiI.TP482576,11,14924,SDW_kg,SDW_kg(PS_Y(2)),SDW_kg(C106+4202(2)),,,SDW_kg(FASTmrEMMA(1)mrMLM(1)),,,0.0337,4.856
SDW_kg.7,NsiI.TP506284,1,75748041,SDW_kg,SDW_kg(PS_Y(1)),SDW_kg(124+36088im(1)),,,SDW_kg(mrMLM(1)),,,0.25,12.51
SDW_kg.8,NsiI.TP631452,10,52286358,SDW_kg,SDW_kg(PS_N(1)),SDW_kg(124+36088im(1)),,,SDW_kg(ISIS EM-BLASSO(1)),,,0.1976,8.898
SDW_kg.9,NsiI.TP66555,11,9920,SDW_kg,SDW_kg(PS_N(1)),SDW_kg(124+36088im(1)),,,SDW_kg(ISIS EM-BLASSO(1)),,,0.1815,0
SDW_kg.10,NsiI.TP717578,10,58023898,SDW_kg,SDW_kg(PS_N(1)),SDW_kg(124+36088im(1)),,SDW_kg(FarmCPU(1)),,,,0.1813,2.255
SDW_kg.11,NsiI.TP796495,5,16450180,SDW_kg,SDW_kg(PS_N(1)),SDW_kg(124+36088im(1)),,SDW_kg(FarmCPU(1)),,,,0.3304,0.03645
SDW_kg.12,NsiI.TP811997,9,8192109,SDW_kg,SDW_kg(PS_N(1)),SDW_kg(124+36088im(1)),,SDW_kg(FarmCPU(1)),,,,0.07954,7.228
SDW_kg.13,PstI.TP1040729,4,54844080,SDW_kg,SDW_kg(PS_N(1)),SDW_kg(C106+4202(1)),,,SDW_kg(mrMLM(1)),,,0.2212,22.36
SDW_kg.14,PstI.TP1040925,1,23057306,SDW_kg,SDW_kg(PS_Y(1)),SDW_kg(124+36088im(1)),,,SDW_kg(mrMLM(1)),,,0.0779,2.927
SDW_kg.15,PstI.TP1071296,11,7466,SDW_kg,SDW_kg(PS_N(8)),SDW_kg(C106+4202(1);C116+3293(2);C124+2560(5)),,,SDW_kg(FASTmrEMMA(1)FASTmrMLM(2)ISIS EM-BLASSO(1)mrMLM(1)pKWmEB(2)pLARmEB(1)),,,0.1492,18.16
SDW_kg.16,PstI.TP1155086,9,50004653,SDW_kg,SDW_kg(PS_N(1)),SDW_kg(C116+3293(1)),,SDW_kg(FarmCPU(1)),,,,0.2371,16.06
SDW_kg.17,PstI.TP1164091,6,56319647,SDW_kg,SDW_kg(PS_N(1)),SDW_kg(C124+2560(1)),,,SDW_kg(ISIS EM-BLASSO(1)),,,0.2903,16.78
SDW_kg.18,PstI.TP117838,10,54500517,SDW_kg,SDW_kg(PS_N(1)),SDW_kg(124+36088im(1)),,,SDW_kg(ISIS EM-BLASSO(1)),,,0.2056,11.89
SDW_kg.19,PstI.TP1184037,3,65443424,SDW_kg,SDW_kg(PS_N(1)),SDW_kg(124+36088im(1)),,,SDW_kg(FASTmrMLM(1)),,,0.0766,1.076
SDW_kg.20,PstI.TP1193013,6,60825902,SDW_kg,SDW_kg(PS_Y(1)),SDW_kg(C106+4202(1)),,,SDW_kg(mrMLM(1)),,,0.1154,0
SDW_kg.21,PstI.TP142256,11,1187,SDW_kg,SDW_kg(PS_N(1)),SDW_kg(C116+3293(1)),,SDW_kg(FarmCPU(1)),,,,0.2026,0.5106
SDW_kg.22,PstI.TP14229,9,57790410,SDW_kg,SDW_kg(PS_Y(1)),SDW_kg(124+36088im(1)),,,SDW_kg(ISIS EM-BLASSO(1)),,,0.1734,3.36
SDW_kg.23,PstI.TP166501,1,18793961,SDW_kg,SDW_kg(PS_N(1)),SDW_kg(C106+4202(1)),,SDW_kg(FarmCPU(1)),,,,0.1509,1.297
SDW_kg.24,PstI.TP288023,11,2288,SDW_kg,SDW_kg(PS_N(1)),SDW_kg(124+36088im(1)),,SDW_kg(FarmCPU(1)),,,,0.131,1.385
SDW_kg.25,PstI.TP315072,8,3139123,SDW_kg,SDW_kg(PS_N(3);PS_Y(2)),SDW_kg(C106+4202(3);C124+2560(2)),,SDW_kg(FarmCPU(2)),SDW_kg(pKWmEB(3)),,,0.3774,7.545
SDW_kg.26,PstI.TP31637,11,249,SDW_kg,SDW_kg(PS_N(1);PS_Y(1)),SDW_kg(C124+2560(2)),,SDW_kg(FarmCPU(1)),SDW_kg(pKWmEB(1)),,,0.2863,1.765
SDW_kg.27,PstI.TP360715,10,58959795,SDW_kg,SDW_kg(PS_N(1)),SDW_kg(124+36088im(1)),,SDW_kg(FarmCPU(1)),,,,0.1123,0.6651
SDW_kg.28,PstI.TP369656,11,2909,SDW_kg,SDW_kg(PS_Y(1)),SDW_kg(124+36088im(1)),,,SDW_kg(pKWmEB(1)),,,0.1089,7.732
SDW_kg.29,PstI.TP401147,11,3119,SDW_kg,SDW_kg(PS_N(1)),SDW_kg(C106+4202(1)),,SDW_kg(FarmCPU(1)),,,,0.09906,1.624
SDW_kg.30,PstI.TP411848,11,3188,SDW_kg,SDW_kg(PS_N(1)),SDW_kg(C106+4202(1)),,SDW_kg(FarmCPU(1)),,,,0.4764,3.027
SDW_kg.31,PstI.TP424396,3,19276647,SDW_kg,SDW_kg(PS_N(1)),SDW_kg(124+36088im(1)),,,SDW_kg(mrMLM(1)),,,0.4713,5.508
SDW_kg.32,PstI.TP434866,6,3914949,SDW_kg,SDW_kg(PS_N(2);PS_Y(2)),SDW_kg(124+36088im(4)),,,SDW_kg(FASTmrMLM(1)mrMLM(1)pKWmEB(2)),,,0.1452,19.55
SDW_kg.33,PstI.TP492299,11,3739,SDW_kg,SDW_kg(PS_N(2);PS_Y(3)),SDW_kg(124+36088im(5)),,,SDW_kg(FASTmrMLM(2)ISIS EM-BLASSO(1)pKWmEB(2)),,,0.0605,1.675
SDW_kg.34,PstI.TP55941,6,51146867,SDW_kg,SDW_kg(PS_N(5);PS_Y(13)),SDW_kg(124+36088im(1);C106+4202(6);C116+3293(4);C124+2560(7)),,SDW_kg(FarmCPU(1)),SDW_kg(FASTmrMLM(3)ISIS EM-BLASSO(5)mrMLM(4)pKWmEB(4)pLARmEB(1)),,,0.2596,31
SDW_kg.35,PstI.TP577552,2,61335361,SDW_kg,SDW_kg(PS_Y(2)),SDW_kg(C106+4202(1);C116+3293(1)),,,SDW_kg(FASTmrEMMA(2)),,,0.0283,13.98
SDW_kg.36,PstI.TP609740,9,7287080,SDW_kg,SDW_kg(PS_N(1)),SDW_kg(124+36088im(1)),,,SDW_kg(FASTmrMLM(1)),,,0.3105,3.491
SDW_kg.37,PstI.TP63668,11,530,SDW_kg,SDW_kg(PS_Y(1)),SDW_kg(C106+4202(1)),,,SDW_kg(pKWmEB(1)),,,0.1651,10.76
SDW_kg.38,PstI.TP650798,2,67010862,SDW_kg,SDW_kg(PS_Y(1)),SDW_kg(124+36088im(1)),,,SDW_kg(mrMLM(1)),,,0.2664,6.891
SDW_kg.39,PstI.TP6534,4,64452246,SDW_kg,SDW_kg(PS_N(1)),SDW_kg(124+36088im(1)),,,SDW_kg(pKWmEB(1)),,,0.1815,2.76
SDW_kg.40,PstI.TP676875,3,3702504,SDW_kg,SDW_kg(PS_N(1)),SDW_kg(124+36088im(1)),,,SDW_kg(mrMLM(1)),,,0.3197,24.55
SDW_kg.41,PstI.TP701332,3,60121147,SDW_kg,SDW_kg(PS_N(1)),SDW_kg(124+36088im(1)),,SDW_kg(FarmCPU(1)),,,,0.06618,4.091
SDW_kg.42,PstI.TP723544,9,1942972,SDW_kg,SDW_kg(PCA=3(1);PS_N(1);PS_Y(1)),SDW_kg(124+36088im(3)),,,SDW_kg(FASTmrMLM(1)mrMLM(1)),SDW_kg(rrBLUP(1)),,0.127,9.445
SDW_kg.43,PstI.TP742466,5,70851257,SDW_kg,SDW_kg(PS_N(1)),SDW_kg(124+36088im(1)),,,SDW_kg(pKWmEB(1)),,,0.0685,1.88
SDW_kg.44,PstI.TP745785,6,45615805,SDW_kg,SDW_kg(PS_N(3);PS_Y(2)),SDW_kg(C106+4202(2);C124+2560(3)),,SDW_kg(FarmCPU(1)),SDW_kg(mrMLM(1)pKWmEB(3)),,,0.4234,15.57
SDW_kg.45,PstI.TP773172,3,55061314,SDW_kg,SDW_kg(PS_N(1)),SDW_kg(124+36088im(1)),,,SDW_kg(mrMLM(1)),,,0.1475,5.319
SDW_kg.46,PstI.TP789647,3,69354547,SDW_kg,SDW_kg(PS_N(1);PS_Y(8)),SDW_kg(C116+3293(4);C124+2560(5)),,,SDW_kg(FASTmrMLM(2)ISIS EM-BLASSO(2)mrMLM(2)pKWmEB(2)pLARmEB(1)),,,0.3589,9.737
SDW_kg.47,PstI.TP797083,3,58432596,SDW_kg,SDW_kg(PS_N(1)),SDW_kg(C116+3293(1)),,SDW_kg(FarmCPU(1)),,,,0.09914,4.685
SDW_kg.48,PstI.TP832974,1,73972161,SDW_kg,SDW_kg(PS_N(1)),SDW_kg(124+36088im(1)),,,SDW_kg(FASTmrMLM(1)),,,0.4637,3.852
SDW_kg.49,PstI.TP834967,11,5782,SDW_kg,SDW_kg(PS_N(2)),SDW_kg(124+36088im(2)),,,SDW_kg(FASTmrMLM(1)pKWmEB(1)),,,0.1653,17.29
SDW_kg.50,PstI.TP840657,4,3859798,SDW_kg,SDW_kg(PS_N(1);PS_Y(1)),SDW_kg(124+36088im(2)),,,SDW_kg(FASTmrMLM(1)mrMLM(1)),,,0.2582,15.69
SDW_kg.51,PstI.TP942675,3,64754613,SDW_kg,SDW_kg(PS_N(1);PS_Y(1)),SDW_kg(124+36088im(2)),,,SDW_kg(ISIS EM-BLASSO(2)),,,0.2823,3.395
SDW_kg.52,PstI.TP965825,3,63530528,SDW_kg,SDW_kg(PS_N(1)),SDW_kg(C124+2560(1)),,SDW_kg(FarmCPU(1)),,,,0.07661,10.1
SDW_kg.53,PstI.TP977809,5,51809124,SDW_kg,SDW_kg(PS_N(1)),SDW_kg(124+36088im(1)),,SDW_kg(FarmCPU(1)),,,,0.3034,9.348
SDW_kg.54,PstI.TP993272,2,58286678,SDW_kg,SDW_kg(PS_N(1)),SDW_kg(C124+2560(1)),,SDW_kg(FarmCPU(1)),,,,0.4516,16.67
SDW_kg.55,PstI.TP995173,2,70172526,SDW_kg,SDW_kg(PS_Y(1)),SDW_kg(C106+4202(1)),,,SDW_kg(ISIS EM-BLASSO(1)),,,0.3066,10.7
Yld_kg.1,GFSSContig15931_175,1,74820300,Yld_kg,Yld_kg(PS_Y(1)),Yld_kg(124+36088im(1)),,,Yld_kg(ISIS EM-BLASSO(1)),,,0.3226,6.363
Yld_kg.2,GFSSContig18221_1150,7,5395966,Yld_kg,Yld_kg(PS_Y(1)),Yld_kg(124+36088im(1)),,,Yld_kg(ISIS EM-BLASSO(1)),,,0.4153,6.447
Yld_kg.3,GFSSContig19553_1853,3,10802480,Yld_kg,Yld_kg(PS_N(1)),Yld_kg(124+36088im(1)),,,Yld_kg(pKWmEB(1)),,,0.4758,8.849
Yld_kg.4,NsiI.TP128678,3,69000501,Yld_kg,Yld_kg(PS_N(1)),Yld_kg(124+36088im(1)),,Yld_kg(FarmCPU(1)),,,,0.4086,1.872
Yld_kg.5,NsiI.TP156483,11,10853,Yld_kg,Yld_kg(PS_N(1)),Yld_kg(124+36088im(1)),,,Yld_kg(FASTmrMLM(1)),,,0.0847,8.899
Yld_kg.6,NsiI.TP273928,6,57836261,Yld_kg,Yld_kg(PS_Y(1)),Yld_kg(124+36088im(1)),,,Yld_kg(mrMLM(1)),,,0.0574,16.03
Yld_kg.7,NsiI.TP307255,1,3020815,Yld_kg,Yld_kg(PS_N(1)),Yld_kg(124+36088im(1)),,Yld_kg(FarmCPU(1)),,,,0.3494,2.976
Yld_kg.8,NsiI.TP308953,8,16086302,Yld_kg,Yld_kg(PS_N(1)),Yld_kg(124+36088im(1)),,,Yld_kg(mrMLM(1)),,,0.2705,14.12
Yld_kg.9,NsiI.TP39895,11,9610,Yld_kg,Yld_kg(PS_N(1)),Yld_kg(C124+2560(1)),,Yld_kg(FarmCPU(1)),,,,0.2742,0.5823
Yld_kg.10,NsiI.TP447144,3,63530717,Yld_kg,Yld_kg(PS_N(1)),Yld_kg(C106+4202(1)),,,Yld_kg(ISIS EM-BLASSO(1)),,,0.0849,0
Yld_kg.11,NsiI.TP482576,11,14924,Yld_kg,Yld_kg(PS_N(1);PS_Y(2)),Yld_kg(C106+4202(3)),,,Yld_kg(FASTmrEMMA(2)mrMLM(1)),,,0.0337,6.512
Yld_kg.12,NsiI.TP506284,1,75748041,Yld_kg,Yld_kg(PS_N(3);PS_Y(2)),Yld_kg(124+36088im(5)),,,Yld_kg(FASTmrMLM(2)mrMLM(1)pKWmEB(2)),,,0.25,11.74
Yld_kg.13,NsiI.TP511244,1,76291569,Yld_kg,Yld_kg(PS_N(1);PS_Y(1)),Yld_kg(124+36088im(2)),,,Yld_kg(ISIS EM-BLASSO(1)pKWmEB(1)),,,0.1008,3.257
Yld_kg.14,NsiI.TP514947,6,52754787,Yld_kg,Yld_kg(PS_N(1)),Yld_kg(124+36088im(1)),,Yld_kg(FarmCPU(1)),,,,0.4122,0.1259
Yld_kg.15,NsiI.TP566474,4,51081160,Yld_kg,Yld_kg(PS_N(1)),Yld_kg(124+36088im(1)),,,Yld_kg(mrMLM(1)),,,0.1926,3.226
Yld_kg.16,NsiI.TP575629,4,14235179,Yld_kg,Yld_kg(PS_Y(2)),Yld_kg(124+36088im(2)),,,Yld_kg(FASTmrMLM(1)pKWmEB(1)),,,0.0927,2.833
Yld_kg.17,NsiI.TP631452,10,52286358,Yld_kg,Yld_kg(PS_N(2)),Yld_kg(124+36088im(2)),,,Yld_kg(ISIS EM-BLASSO(1)mrMLM(1)),,,0.2008,12.72
Yld_kg.18,NsiI.TP632086,4,59238758,Yld_kg,Yld_kg(PS_N(1)),Yld_kg(124+36088im(1)),,Yld_kg(FarmCPU(1)),,,,0.4063,1.713
Yld_kg.19,NsiI.TP66555,11,9920,Yld_kg,Yld_kg(PS_Y(2)),Yld_kg(124+36088im(2)),,,Yld_kg(FASTmrMLM(1)pKWmEB(1)),,,0.1815,0
Yld_kg.20,NsiI.TP728788,11,18071,Yld_kg,Yld_kg(PS_N(1)),Yld_kg(124+36088im(1)),,Yld_kg(FarmCPU(1)),,,,0.1304,0.007622
Yld_kg.21,NsiI.TP753852,9,2876948,Yld_kg,Yld_kg(PS_N(1)),Yld_kg(124+36088im(1)),,,Yld_kg(pKWmEB(1)),,,0.2419,3.015
Yld_kg.22,NsiI.TP762935,6,3182336,Yld_kg,Yld_kg(PS_N(1)),Yld_kg(124+36088im(1)),,,Yld_kg(pKWmEB(1)),,,0.0403,1.864
Yld_kg.23,NsiI.TP827851,4,12330408,Yld_kg,Yld_kg(PS_N(1)),Yld_kg(C124+2560(1)),,Yld_kg(FarmCPU(1)),,,,0.05645,23.93
Yld_kg.24,PstI.TP1040729,4,54844080,Yld_kg,Yld_kg(PS_N(1)),Yld_kg(C106+4202(1)),,,Yld_kg(mrMLM(1)),,,0.2212,15.64
Yld_kg.25,PstI.TP1071296,11,7466,Yld_kg,Yld_kg(PS_N(5)),Yld_kg(C106+4202(3);C116+3293(2)),,,Yld_kg(FASTmrEMMA(2)FASTmrMLM(1)ISIS EM-BLASSO(1)mrMLM(1)),,,0.1466,23.48
Yld_kg.26,PstI.TP10996,6,57974096,Yld_kg,Yld_kg(PS_N(1)),Yld_kg(C116+3293(1)),,Yld_kg(FarmCPU(1)),,,,0.1207,1.455
Yld_kg.27,PstI.TP1200270,2,13518060,Yld_kg,Yld_kg(PS_N(3)),Yld_kg(C124+2560(3)),,,Yld_kg(FASTmrMLM(1)mrMLM(1)pKWmEB(1)),,,0.1107,1.318
Yld_kg.28,PstI.TP14229,9,57790410,Yld_kg,Yld_kg(PS_Y(1)),Yld_kg(124+36088im(1)),,,Yld_kg(ISIS EM-BLASSO(1)),,,0.1734,5.424
Yld_kg.29,PstI.TP15637,11,124,Yld_kg,Yld_kg(PS_N(1)),Yld_kg(C124+2560(1)),,,Yld_kg(ISIS EM-BLASSO(1)),,,0.3911,7.243
Yld_kg.30,PstI.TP315072,8,3139123,Yld_kg,Yld_kg(PS_N(1);PS_Y(1)),Yld_kg(C106+4202(2)),,,Yld_kg(pKWmEB(2)),,,0.3774,6.337
Yld_kg.31,PstI.TP31817,11,252,Yld_kg,Yld_kg(PS_N(1)),Yld_kg(C124+2560(1)),,,Yld_kg(pKWmEB(1)),,,0.2621,12.18
Yld_kg.32,PstI.TP393060,11,3059,Yld_kg,Yld_kg(PS_N(1)),Yld_kg(C116+3293(1)),,,Yld_kg(ISIS EM-BLASSO(1)),,,0.2155,5.345
Yld_kg.33,PstI.TP401147,11,3119,Yld_kg,Yld_kg(PS_N(1)),Yld_kg(C124+2560(1)),,Yld_kg(FarmCPU(1)),,,,0.09677,0.9052
Yld_kg.34,PstI.TP420365,1,23556111,Yld_kg,Yld_kg(PS_Y(1)),Yld_kg(124+36088im(1)),,,Yld_kg(mrMLM(1)),,,0.1639,18.02
Yld_kg.35,PstI.TP434866,6,3914949,Yld_kg,Yld_kg(PS_N(1)),Yld_kg(124+36088im(1)),,,Yld_kg(pKWmEB(1)),,,0.1452,19.61
Yld_kg.36,PstI.TP457393,1,60097068,Yld_kg,Yld_kg(PS_N(4)),Yld_kg(C116+3293(1);C124+2560(3)),,Yld_kg(FarmCPU(1)),Yld_kg(FASTmrEMMA(1)FASTmrMLM(1)mrMLM(1)),,,0.246,42.13
Yld_kg.37,PstI.TP492299,11,3739,Yld_kg,Yld_kg(PS_N(1)),Yld_kg(124+36088im(1)),,,Yld_kg(pKWmEB(1)),,,0.0605,0.1904
Yld_kg.38,PstI.TP55941,6,51146867,Yld_kg,Yld_kg(PS_N(3);PS_Y(8)),Yld_kg(C106+4202(5);C116+3293(5);C124+2560(1)),,Yld_kg(FarmCPU(1)),Yld_kg(FASTmrMLM(2)ISIS EM-BLASSO(3)mrMLM(2)pKWmEB(3)),,,0.2596,23.92
Yld_kg.39,PstI.TP577552,2,61335361,Yld_kg,Yld_kg(PS_Y(2)),Yld_kg(C106+4202(1);C116+3293(1)),,,Yld_kg(FASTmrEMMA(2)),,,0.0283,12.71
Yld_kg.40,PstI.TP63668,11,530,Yld_kg,Yld_kg(PS_N(2);PS_Y(1)),Yld_kg(C106+4202(3)),,,Yld_kg(FASTmrMLM(1)pKWmEB(2)),,,0.1651,15.86
Yld_kg.41,PstI.TP647611,4,59195320,Yld_kg,Yld_kg(PS_N(1)),Yld_kg(C116+3293(1)),,,Yld_kg(mrMLM(1)),,,0.1447,0
Yld_kg.42,PstI.TP65271,3,2656013,Yld_kg,Yld_kg(PS_N(1)),Yld_kg(C116+3293(1)),,,Yld_kg(ISIS EM-BLASSO(1)),,,0.1466,2.052
Yld_kg.43,PstI.TP6534,4,64452246,Yld_kg,Yld_kg(PS_N(1)),Yld_kg(124+36088im(1)),,,Yld_kg(pKWmEB(1)),,,0.1815,0.4749
Yld_kg.44,PstI.TP704244,3,50687892,Yld_kg,Yld_kg(PS_N(1)),Yld_kg(C106+4202(1)),,,Yld_kg(mrMLM(1)),,,0.0529,28.52
Yld_kg.45,PstI.TP710636,6,45894338,Yld_kg,Yld_kg(PS_N(1)),Yld_kg(C124+2560(1)),,,Yld_kg(ISIS EM-BLASSO(1)),,,0.1895,16.01
Yld_kg.46,PstI.TP723544,9,1942972,Yld_kg,Yld_kg(PCA=3(1);PS_N(2)),Yld_kg(124+36088im(3)),,,Yld_kg(FASTmrMLM(1)mrMLM(1)),Yld_kg(rrBLUP(1)),,0.127,10.05
Yld_kg.47,PstI.TP738082,10,6556740,Yld_kg,Yld_kg(PS_Y(2)),Yld_kg(C124+2560(2)),,,Yld_kg(FASTmrEMMA(1)mrMLM(1)),,,0.0123,7.67
Yld_kg.48,PstI.TP745674,3,66083753,Yld_kg,Yld_kg(PS_N(1)),Yld_kg(C116+3293(1)),,,Yld_kg(pKWmEB(1)),,,0.0991,1.657
Yld_kg.49,PstI.TP745785,6,45615805,Yld_kg,Yld_kg(PS_N(8);PS_Y(1)),Yld_kg(C106+4202(4);C116+3293(3);C124+2560(2)),,,Yld_kg(FASTmrMLM(1)ISIS EM-BLASSO(3)mrMLM(1)pKWmEB(4)),,,0.4234,19.3
Yld_kg.50,PstI.TP753385,8,58262070,Yld_kg,Yld_kg(PS_N(1)),Yld_kg(124+36088im(1)),,Yld_kg(FarmCPU(1)),,,,0.1795,14.16
Yld_kg.51,PstI.TP773172,3,55061314,Yld_kg,Yld_kg(PS_N(3)),Yld_kg(124+36088im(3)),,,Yld_kg(ISIS EM-BLASSO(1)mrMLM(1)pKWmEB(1)),,,0.1475,5.028
Yld_kg.52,PstI.TP789647,3,69354547,Yld_kg,Yld_kg(PS_N(1);PS_Y(7)),Yld_kg(C116+3293(5);C124+2560(3)),,,Yld_kg(FASTmrMLM(2)ISIS EM-BLASSO(3)mrMLM(1)pKWmEB(2)),,,0.3589,8.16
Yld_kg.53,PstI.TP834454,11,5776,Yld_kg,Yld_kg(PS_N(2)),Yld_kg(C116+3293(2)),,Yld_kg(FarmCPU(1)),Yld_kg(FASTmrMLM(1)),,,0.0776,10.79
Yld_kg.54,PstI.TP834967,11,5782,Yld_kg,Yld_kg(PS_N(2)),Yld_kg(124+36088im(2)),,,Yld_kg(FASTmrMLM(1)pKWmEB(1)),,,0.1653,7.713
Yld_kg.55,PstI.TP840657,4,3859798,Yld_kg,Yld_kg(PS_N(2)),Yld_kg(124+36088im(2)),,,Yld_kg(FASTmrMLM(1)mrMLM(1)),,,0.2582,8.792
Yld_kg.56,PstI.TP869093,1,11187262,Yld_kg,Yld_kg(PS_N(1)),Yld_kg(C124+2560(1)),,Yld_kg(FarmCPU(1)),,,,0.2218,2.25
Yld_kg.57,PstI.TP942675,3,64754613,Yld_kg,Yld_kg(PS_N(1)),Yld_kg(124+36088im(1)),,,Yld_kg(pKWmEB(1)),,,0.2823,0.7794
Yld_kg.58,PstI.TP965825,3,63530528,Yld_kg,Yld_kg(PS_N(1)),Yld_kg(C124+2560(1)),,Yld_kg(FarmCPU(1)),,,,0.07661,10.64
Yld_kg.59,PstI.TP993272,2,58286678,Yld_kg,Yld_kg(PS_N(1)),Yld_kg(C124+2560(1)),,Yld_kg(FarmCPU(1)),,,,0.4516,26.61